v1,d1,v2,d2,v3,d3,v4,d4,v5,d5
4803.81724,44.75804,4673.1174,26.7136,4809.320328,26.75697,785.216616,14.83155,7492.054104,0.39096
4786.18855,44.62806,4668.990408,26.93043,4788.68232,26.80033,805.851576,14.83155,7471.419144,0.39096
4768.55986,44.45475,4689.628416,26.97379,4768.04736,26.75697,826.489584,14.87492,7450.781136,0.47769
4750.93117,44.5414,4710.263376,26.93043,4747.409352,26.75697,847.124544,14.91828,7430.146176,0.56442
4733.30249,44.67139,4730.901384,26.93043,4726.774392,26.80033,867.762552,15.00501,7409.508168,0.60779
4715.6738,44.71472,4751.536344,26.88706,4706.136384,26.88706,888.397512,15.09174,7388.873208,0.73788
4698.04511,44.71472,4772.174352,26.88706,4685.501424,26.93043,909.03552,15.17847,7368.2352,0.95471
4680.41643,44.75804,4792.809312,26.88706,4664.863416,26.93043,929.67048,15.22184,7347.60024,1.08481
4662.78774,44.71472,4813.44732,26.93043,4644.228456,26.93043,950.308488,15.30857,7326.962232,1.25827
4645.15905,44.75804,4834.08228,26.93043,4623.590448,26.88706,970.943448,15.3953,7306.327272,1.38836
4627.53036,44.75804,4854.720288,26.93043,4602.955488,26.88706,991.581456,15.48203,7285.689264,1.56182
4609.90168,44.75804,4875.355248,26.93043,4582.31748,26.88706,1012.216416,15.56876,7265.054304,1.73528
4592.27299,44.75804,4895.993256,26.93043,4561.68252,26.88706,1032.854424,15.65549,7244.416296,1.86538
4574.6443,44.75804,4916.628216,26.93043,4541.044512,26.88706,1053.489384,15.74222,7223.781336,2.03884
4557.01562,44.75804,4937.266224,26.93043,4520.409552,26.88706,1074.127392,15.74222,7203.143328,2.16893
4539.38693,44.75804,4957.901184,26.93043,4499.771544,26.8437,1094.762352,15.82895,7182.508368,2.25566
4521.75824,44.75804,4978.536144,26.93043,4479.136584,26.88706,1115.397312,15.91568,7161.87036,2.42913
4504.12955,44.75804,4999.174152,26.93043,4458.498576,26.88706,1136.03532,16.04578,7141.2354,2.60259
4486.50087,44.75804,5019.809112,26.93043,4437.863616,26.88706,1156.67028,16.08914,7120.597392,2.73268
4468.87218,44.75804,5040.44712,26.93043,4417.225608,26.88706,1177.308288,16.17587,7099.962432,2.90614
4451.24349,44.75804,5061.08208,26.93043,4396.590648,26.8437,1197.943248,16.2626,7079.324424,3.03624
4433.61481,44.75804,5081.720088,26.97379,4375.95264,26.8437,1218.581256,16.30597,7058.689464,3.2097
4415.98612,44.75804,5102.355048,26.97379,4355.31768,26.8437,1239.216216,16.3927,7038.051456,3.33979
4398.35743,44.75804,5122.993056,26.97379,4334.679672,26.8437,1259.854224,16.47943,7017.416496,3.51325
4380.72874,44.75804,5143.628016,26.97379,4314.044712,26.8437,1280.489184,16.56616,6996.778488,3.68671
4363.10006,44.75804,5164.266024,26.97379,4293.409752,26.8437,1301.127192,16.65289,6976.143528,3.81681
4345.47137,44.75804,5184.900984,27.01716,4272.771744,26.8437,1321.762152,16.73962,6955.508568,3.9469
4327.84268,44.75804,5205.538992,26.97379,4252.136784,26.8437,1342.40016,16.78298,6934.87056,4.077
4310.214,44.75804,5226.173952,26.93043,4231.498776,26.8437,1363.03512,16.86971,6914.2356,4.2071
4292.58531,44.75804,5246.81196,26.8437,4210.863816,26.8437,1383.673128,16.95645,6893.597592,4.42392
4274.95662,44.80137,5267.44692,26.75697,4190.225808,26.8437,1404.308088,17.04318,6872.962632,4.55402
4257.32794,44.80137,5288.084928,26.5835,4169.590848,26.8437,1424.946096,17.12991,6852.324624,4.68411
4239.69925,44.80137,5308.719888,26.45341,4148.95284,26.8437,1445.581056,17.21664,6831.689664,4.81421
4222.07056,44.80137,5329.357896,26.32331,4128.31788,26.8437,1466.219064,17.30337,6811.051656,4.98767
4204.44187,44.80137,5349.992856,26.19322,4107.679872,26.8437,1486.854024,17.3901,6790.416696,5.0744
4186.81319,44.80137,5370.630864,26.01976,4087.044912,26.8437,1507.492032,17.43346,6769.778688,5.20449
4169.1845,44.80137,5391.265824,25.8463,4066.406904,26.8437,1528.126992,17.56356,6749.143728,5.33459
4151.55581,44.80137,5411.903832,25.7162,4045.771944,26.88706,1548.765,17.65029,6728.50572,5.50805
4133.92713,44.80137,5432.538792,25.54274,4025.133936,26.88706,1569.39996,17.73702,6707.87076,5.59478
4116.29844,44.80137,5453.1768,25.41265,4004.498976,26.8437,1590.037968,17.78038,6687.232752,5.72488
4098.66975,44.80137,5473.81176,25.23919,3983.860968,26.8437,1610.672928,17.91048,6666.597792,5.81161
4081.04106,44.80137,5494.44672,25.06573,3963.226008,26.8437,1631.307888,17.99721,6645.959784,5.89834
4063.41238,44.80137,5515.084728,24.89226,3942.588,26.8437,1651.945896,18.08394,6625.324824,5.98507
4045.78369,44.80137,5535.719688,24.76217,3921.95304,26.8437,1672.580856,18.17067,6604.686816,6.15853
4028.155,44.80137,5556.357696,24.58871,3901.315032,26.8437,1693.218864,18.2574,6584.051856,6.33199
4010.52632,44.80137,5576.992656,24.41525,3880.680072,26.8437,1713.853824,18.34413,6563.413848,6.41872
3992.89763,44.80137,5597.630664,24.24179,3860.042064,26.8437,1734.491832,18.43086,6542.778888,6.54881
3975.26894,44.80137,5618.265624,24.11169,3839.407104,26.8437,1755.126792,18.56096,6522.14088,6.63554
3957.64025,44.80137,5638.903632,23.93823,3818.769096,26.8437,1775.7648,18.64769,6501.50592,6.76564
3940.01157,44.80137,5659.538592,23.76477,3798.134136,26.8437,1796.39976,18.73442,6480.867912,6.89573
3922.38288,44.80137,5680.1766,23.59131,3777.496128,26.8437,1817.037768,18.77778,6460.232952,6.98246
3904.75419,44.80137,5700.81156,23.46122,3756.861168,26.8437,1837.672728,18.90788,6439.597992,7.11256
3887.12551,44.80137,5721.449568,23.24439,3736.226208,26.8437,1858.310736,18.95124,6418.959984,7.24266
3869.49682,44.80137,5742.084528,23.07093,3715.5882,26.8437,1878.945696,19.08134,6398.325024,7.37275
3851.86813,44.80137,5762.722536,22.89747,3694.95324,26.8437,1899.583704,19.16807,6377.687016,7.41612
3834.23944,44.80137,5783.357496,22.72401,3674.315232,26.8437,1920.218664,19.2548,6357.052056,7.54621
3816.61076,44.80137,5803.995504,22.59391,3653.680272,26.8437,1940.856672,19.38489,6336.414048,7.58958
3798.98207,44.80137,5824.630464,22.42045,3633.042264,26.8437,1961.491632,19.42826,6315.779088,7.76304
3781.35338,44.80137,5845.268472,22.20363,3612.407304,26.8437,1982.12964,19.55835,6295.14108,7.89313
3763.7247,44.80137,5865.903432,22.07353,3591.769296,26.8437,2002.7646,19.64508,6274.50612,7.97986
3746.09601,44.80137,5886.54144,21.85671,3571.134336,26.8437,2023.402608,19.73181,6253.868112,8.06659
3728.46732,44.80137,5907.1764,21.68324,3550.496328,26.8437,2044.037568,19.81854,6233.233152,8.15332
3710.83864,44.80137,5927.814408,21.55315,3529.861368,26.8437,2064.675576,19.94864,6212.595144,8.24005
3693.20995,44.75804,5948.449368,21.33632,3509.22336,26.8437,2085.310536,19.992,6191.960184,8.32678
3675.58126,44.75804,5969.087376,21.16286,3488.5884,26.8437,2105.948544,20.1221,6171.322176,8.50024
3657.95257,44.75804,5989.722336,20.94604,3467.950392,26.8437,2126.583504,20.20883,6150.687216,8.54361
3640.32389,44.75804,6010.360344,20.77258,3447.315432,26.8437,2147.221512,20.29556,6130.049208,8.63034
3622.6952,44.75804,6030.995304,20.55575,3426.677424,26.8437,2167.856472,20.42566,6109.414248,8.71707
3605.06651,44.75804,6051.630264,20.33893,3406.042464,26.8437,2188.491432,20.51239,6088.77624,8.84717
3587.43783,44.75804,6072.268272,20.16547,3385.404456,26.8437,2209.12944,20.64248,6068.14128,8.9339
3569.80914,44.75804,6092.903232,19.94864,3364.769496,26.8437,2229.7644,20.72921,6047.503272,9.10736
3552.18045,44.75804,6113.54124,19.73181,3344.131488,26.8437,2250.402408,20.81594,6026.868312,9.19409
3534.55176,44.75804,6134.1762,19.55835,3323.496528,26.88706,2271.037368,20.94604,6006.230304,9.32418
3516.92308,44.75804,6154.814208,19.34153,3302.85852,26.75697,2291.675376,21.07613,5985.595344,9.41091
3499.29439,44.75804,6175.449168,19.1247,3282.22356,26.7136,2312.310336,21.1195,5964.957336,9.58437
3481.6657,44.75804,6196.087176,18.95124,3261.585552,26.5835,2332.948344,21.24959,5944.322376,9.6711
3464.03702,44.75804,6216.722136,18.73442,3240.950592,26.45341,2353.583304,21.33632,5923.684368,9.8012
3446.40833,44.75804,6233.233152,18.51759,3220.315632,26.32331,2374.221312,21.46642,5903.049408,9.84456
3428.77964,44.75804,6253.868112,18.34413,3199.677624,26.19322,2394.856272,21.55315,5882.414448,9.93129
3411.15095,44.75804,6274.50612,18.1273,3179.042664,26.01976,2415.49428,21.68324,5861.77644,10.06139
3393.52227,44.75804,6295.14108,17.91048,3158.404656,25.88966,2436.12924,21.76998,5841.14148,10.14812
3375.89358,44.75804,6315.779088,17.69365,3137.769696,25.80293,2456.767248,21.85671,5820.503472,10.23485
3358.26489,44.75804,6336.414048,17.47683,3117.131688,25.67284,2477.402208,21.9868,5799.868512,10.27821
3340.63621,44.75804,6352.922016,17.30337,3096.496728,25.49938,2498.040216,22.07353,5779.230504,10.40831
3323.00752,44.75804,6373.560024,17.08654,3075.85872,25.36928,2518.675176,22.20363,5758.595544,10.49504
3305.37883,44.75804,6394.194984,16.86971,3055.22376,25.23919,2539.313184,22.29036,5737.957536,10.58177
3287.75014,44.75804,6414.832992,16.73962,3034.585752,25.10909,2559.948144,22.42045,5717.322576,10.6685
3270.12146,44.75804,6435.467952,16.52279,3013.950792,24.979,2580.586152,22.46382,5696.684568,10.75523
3252.49277,44.80137,6451.978968,16.30597,2993.312784,24.8489,2601.221112,22.63728,5676.049608,10.84196
3234.86408,44.75804,6464.359944,16.08914,2972.677824,24.7188,2621.85912,22.72401,5655.4116,10.88533
3217.2354,44.75804,6484.997952,15.91568,2952.039816,24.58871,2642.49408,22.8541,5634.77664,10.92869
3199.60671,44.75804,6505.632912,15.69886,2931.404856,24.50198,2663.132088,22.94083,5614.138632,11.05879
3181.97802,44.75804,6526.27092,15.48203,2910.766848,24.37188,2683.767048,23.07093,5593.503672,11.10215
3164.34933,44.75804,6546.90588,15.2652,2890.131888,24.24179,2704.402008,23.20102,5572.865664,11.18888
3146.72065,44.75804,6567.54084,15.04838,2869.49388,24.11169,2725.040016,23.33112,5552.230704,11.23225
3129.09196,44.75804,6584.051856,14.83155,2848.85892,23.9816,2745.674976,23.41785,5531.592696,11.31898
3111.46327,44.75804,6600.559824,14.61473,2828.220912,23.89487,2766.312984,23.50458,5510.957736,11.36234
3093.83459,44.75804,6621.197832,14.3979,2807.585952,23.76477,2786.947944,23.63468,5490.319728,11.40571
3076.2059,44.75804,6641.832792,14.18108,2786.947944,23.63468,2807.585952,23.76477,5469.684768,11.40571
3058.57721,44.75804,6662.4708,14.00762,2766.312984,23.50458,2828.220912,23.89487,5449.04676,11.44907
3040.94853,44.75804,6678.978768,13.79079,2745.674976,23.41785,2848.85892,23.9816,5428.4118,11.62253
3023.31984,44.75804,6695.486736,13.57396,2725.040016,23.33112,2869.49388,24.11169,5407.773792,11.6659
3005.69115,44.75804,6711.997752,13.35714,2704.402008,23.20102,2890.131888,24.24179,5387.138832,11.75263
2988.06246,44.75804,6732.632712,13.14031,2683.767048,23.07093,2910.766848,24.37188,5366.503872,11.79599
2970.43378,44.75804,6753.27072,12.96685,2663.132088,22.94083,2931.404856,24.50198,5345.865864,11.83936
2952.80509,44.75804,6773.90568,12.75003,2642.49408,22.8541,2952.039816,24.58871,5325.230904,11.92609
2935.1764,44.75804,6794.543688,12.5332,2621.85912,22.72401,2972.677824,24.7188,5304.592896,12.01282
2917.54772,44.75804,6815.178648,12.35974,2601.221112,22.63728,2993.312784,24.8489,5283.957936,12.09955
2899.91903,44.75804,6835.816656,12.18628,2580.586152,22.46382,3013.950792,24.979,5263.319928,12.18628
2882.29034,44.71472,6856.451616,11.96945,2559.948144,22.42045,3034.585752,25.10909,5242.684968,12.27301
2864.66165,44.71472,6877.089624,11.79599,2539.313184,22.29036,3055.22376,25.23919,5222.04696,12.35974
2847.03297,44.71472,6897.724584,11.62253,2518.675176,22.20363,3075.85872,25.36928,5201.412,12.44647
2829.40428,44.71472,6918.362592,11.44907,2498.040216,22.07353,3096.496728,25.49938,5180.773992,12.48984
2811.77559,44.71472,6938.997552,11.27561,2477.402208,21.9868,3117.131688,25.67284,5160.139032,12.5332
2794.14691,44.71472,6959.63556,11.10215,2456.767248,21.85671,3137.769696,25.80293,5139.501024,12.57657
2776.51822,44.71472,6980.27052,10.92869,2436.12924,21.76998,3158.404656,25.88966,5118.866064,12.70666
2758.88953,44.71472,7000.908528,10.71187,2415.49428,21.68324,3179.042664,26.01976,5098.228056,12.75003
2741.26084,44.71472,7021.543488,10.62514,2394.856272,21.55315,3199.677624,26.19322,5077.593096,12.79339
2723.63216,44.71472,7042.181496,10.40831,2374.221312,21.46642,3220.315632,26.32331,5056.955088,12.88012
2706.00347,44.71472,7062.816456,10.19148,2353.583304,21.33632,3240.950592,26.45341,5036.320128,12.92349
2688.37478,44.67139,7083.454464,9.97466,2332.948344,21.24959,3261.585552,26.5835,5015.68212,12.96685
2670.7461,44.67139,7104.089424,9.8012,2312.310336,21.1195,3282.22356,26.7136,4995.04716,13.05358
2653.11741,44.67139,7124.724384,9.62774,2291.675376,21.07613,3302.85852,26.7136,4974.409152,13.09695
2635.48872,44.62806,7145.362392,9.45428,2271.037368,20.94604,3323.496528,26.75697,4953.774192,13.14031
2617.86003,44.67139,7165.997352,9.28082,2250.402408,20.81594,3344.131488,26.7136,4933.136184,13.22704
2600.23135,44.62806,7186.63536,9.10736,2229.7644,20.72921,3364.769496,26.7136,4912.501224,13.27041
2582.60266,44.62806,7207.27032,8.9339,2209.12944,20.64248,3385.404456,26.67024,4891.863216,13.31377
2564.97397,44.62806,7227.908328,8.76043,2188.491432,20.51239,3406.042464,26.62687,4871.228256,13.35714
2547.34529,44.62806,7248.543288,8.58697,2167.856472,20.42566,3426.677424,26.54014,4850.590248,13.4005
2529.7166,44.58473,7269.181296,8.41351,2147.221512,20.29556,3447.315432,26.49677,4829.955288,13.4005
2512.08791,44.58473,7289.816256,8.24005,2126.583504,20.20883,3467.950392,26.41004,4809.320328,13.44387
2494.45922,44.58473,7310.454264,8.10996,2105.948544,20.1221,3488.5884,26.27995,4788.68232,13.5306
2476.83054,44.58473,7331.089224,7.97986,2085.310536,19.992,3509.22336,26.23658,4768.04736,13.57396
2459.20185,44.49808,7351.727232,7.84977,2064.675576,19.94864,3529.861368,26.23658,4747.409352,13.66069
2441.57316,44.5414,7372.362192,7.67631,2044.037568,19.81854,3550.496328,26.23658,4726.774392,13.74743
2423.94448,44.49808,7393.0002,7.50285,2023.402608,19.73181,3571.134336,26.19322,4706.136384,13.74743
2406.31579,44.45475,7413.63516,7.37275,2002.7646,19.64508,3591.769296,26.19322,4685.501424,13.79079
2388.6871,44.41142,7434.273168,7.28602,1982.12964,19.55835,3612.407304,26.19322,4664.863416,13.87752
2371.05842,44.32477,7454.908128,7.15592,1961.491632,19.42826,3633.042264,26.14985,4644.228456,13.92089
2353.42973,44.32477,7475.546136,7.06919,1940.856672,19.38489,3653.680272,26.10649,4623.590448,14.00762
2335.80104,44.23811,7496.181096,6.9391,1920.218664,19.2548,3674.315232,26.06312,4602.955488,14.09435
2318.17235,44.19478,7516.819104,6.809,1899.583704,19.16807,3694.95324,26.01976,4582.31748,14.18108
2300.54367,44.10813,7537.454064,6.67891,1878.945696,19.08134,3715.5882,25.97639,4561.68252,14.22444
2282.91498,43.97815,7558.092072,6.54881,1858.310736,18.95124,3736.226208,25.93303,4541.044512,14.31117
2265.28629,43.93482,7578.727032,6.46208,1837.672728,18.90788,3756.861168,25.88966,4520.409552,14.35454
2247.65761,43.84816,7599.36504,6.37535,1817.037768,18.77778,3777.496128,25.8463,4499.771544,14.3979
2230.02892,43.71818,7620,6.24526,1796.39976,18.73442,3798.134136,25.80293,4479.136584,14.48463
2212.40023,43.63153,7640.63496,6.11516,1775.7648,18.64769,3818.769096,25.75957,4458.498576,14.61473
2194.77154,43.50154,7661.272968,6.02843,1755.126792,18.56096,3839.407104,25.7162,4437.863616,14.65809
2177.14286,43.37156,7681.907928,5.9417,1734.491832,18.43086,3860.042064,25.7162,4417.225608,14.70146
2159.51417,43.19825,7702.545936,5.85497,1713.853824,18.34413,3880.680072,25.62947,4396.590648,14.74482
2141.88548,43.06827,7723.180896,5.76824,1693.218864,18.2574,3901.315032,25.62947,4375.95264,14.83155
2124.2568,42.89496,7743.818904,5.68151,1672.580856,18.17067,3921.95304,25.58611,4355.31768,14.83155
2106.62811,42.72165,7764.453864,5.55141,1651.945896,18.08394,3942.588,25.54274,4334.679672,14.91828
2093.40659,42.54834,7785.091872,5.50805,1631.307888,17.95384,3963.226008,25.54274,4314.044712,15.04838
2075.77791,42.37503,7805.726832,5.42132,1610.672928,17.91048,3983.860968,25.49938,4293.409752,15.09174
2062.55639,42.20172,7826.36484,5.29122,1590.037968,17.78038,4004.498976,25.45601,4272.771744,15.13511
2049.33488,42.02841,7846.9998,5.20449,1569.39996,17.73702,4025.133936,25.45601,4252.136784,15.22184
2031.70619,41.8551,7867.637808,5.16113,1548.765,17.65029,4045.771944,25.41265,4231.498776,15.30857
2018.48467,41.68179,7888.272768,5.11776,1528.126992,17.56356,4066.406904,25.41265,4210.863816,15.30857
2005.26316,41.50848,7908.910776,5.0744,1507.492032,17.43346,4087.044912,25.36928,4190.225808,15.3953
1987.63447,41.33517,7929.545736,5.03103,1486.854024,17.3901,4107.679872,25.32592,4169.590848,15.43867
1974.41296,41.16186,7950.183744,4.9443,1466.219064,17.26,4128.31788,25.23919,4148.95284,15.48203
1961.19144,40.98855,7970.818704,4.90094,1445.581056,17.21664,4148.95284,25.19582,4128.31788,15.56876
1943.56275,40.90189,7991.456712,4.81421,1424.946096,17.08654,4169.590848,25.15246,4107.679872,15.56876
1925.93407,40.77191,8012.091672,4.77084,1404.308088,17.04318,4190.225808,25.10909,4087.044912,15.65549
1908.30538,40.68525,4652.48244,26.93043,1383.673128,16.95645,4210.863816,25.02236,4066.406904,15.69886
1890.67669,40.55527,4631.844432,26.88706,1363.03512,16.86971,4231.498776,25.02236,4045.771944,15.74222
1873.048,40.46861,4611.209472,26.88706,1342.40016,16.78298,4252.136784,24.979,4025.133936,15.78559
1855.41932,40.33863,4590.571464,26.88706,1321.762152,16.73962,4272.771744,24.89226,4004.498976,15.87232
1837.79063,40.20865,4569.936504,26.88706,1301.127192,16.65289,4293.409752,24.8489,3983.860968,15.87232
1820.16194,40.12199,4549.298496,26.88706,1280.489184,16.56616,4314.044712,24.80553,3963.226008,15.95905
1802.53326,39.94868,4528.663536,26.88706,1259.854224,16.47943,4334.679672,24.76217,3942.588,16.00241
1784.90457,39.90536,4508.028576,26.8437,1239.216216,16.3927,4355.31768,24.67544,3921.95304,16.08914
1767.27588,39.77537,4487.390568,26.88706,1218.581256,16.30597,4375.95264,24.67544,3901.315032,16.13251
1749.64719,39.64539,4466.755608,26.88706,1197.943248,16.2626,4396.590648,24.63207,3880.680072,16.17587
1732.01851,39.55874,4446.1176,26.88706,1177.308288,16.17587,4417.225608,24.54534,3860.042064,16.17587
1714.38982,39.47208,4425.48264,26.88706,1156.67028,16.08914,4437.863616,24.50198,3839.407104,16.21924
1696.76113,39.38543,4404.844632,26.88706,1136.03532,16.04578,4458.498576,24.41525,3818.769096,16.34933
1679.13245,39.21212,4384.209672,26.8437,1115.397312,15.91568,4479.136584,24.28515,3798.134136,16.3927
1661.50376,39.08213,4363.571664,26.8437,1094.762352,15.82895,4499.771544,24.24179,3777.496128,16.43606
1643.87507,38.99548,4342.936704,26.8437,1074.127392,15.74222,4520.409552,24.15506,3756.861168,16.47943
1626.24639,38.90882,4322.298696,26.8437,1053.489384,15.74222,4541.044512,24.11169,3736.226208,16.52279
1608.6177,38.77884,4301.663736,26.8437,1032.854424,15.65549,4561.68252,24.02496,3715.5882,16.56616
1590.98901,38.69218,4281.025728,26.8437,1012.216416,15.56876,4582.31748,23.93823,3694.95324,16.60952
1573.36032,38.60553,4260.390768,26.8437,991.581456,15.48203,4602.955488,23.8515,3674.315232,16.69625
1555.73164,38.51887,4239.75276,26.8437,970.943448,15.3953,4623.590448,23.76477,3653.680272,16.73962
1538.10295,38.38889,4219.1178,26.8437,950.308488,15.30857,4644.228456,23.67804,3633.042264,16.78298
1520.47426,38.30224,4198.479792,26.8437,929.67048,15.22184,4664.863416,23.63468,3612.407304,16.82635
1502.84558,38.17225,4177.844832,26.8437,909.03552,15.17847,4685.501424,23.54795,3591.769296,16.91308
1485.21689,38.0856,4157.206824,26.8437,888.397512,15.09174,4706.136384,23.50458,3571.134336,16.91308
1467.5882,37.99894,4136.571864,26.8437,867.762552,15.00501,4726.774392,23.37449,3550.496328,16.95645
1449.95951,37.91229,4115.933856,26.8437,847.124544,14.91828,4747.409352,23.28775,3529.861368,17.04318
1432.33083,37.82563,4095.298896,26.8437,826.489584,14.87492,4768.04736,23.20102,3509.22336,17.08654
1414.70214,37.73898,4074.660888,26.8437,805.851576,14.83155,4788.68232,23.07093,3488.5884,17.12991
1397.07345,37.69565,4054.025928,26.88706,785.216616,14.83155,4809.320328,22.94083,3467.950392,17.17327
1379.44477,37.609,4033.38792,26.88706,4776.301344,26.49677,4829.955288,22.8541,3447.315432,17.26
1361.81608,37.47901,4012.75296,26.8437,4796.936304,26.36668,4850.590248,22.76737,3426.677424,17.26
1344.18739,37.43569,3992.114952,26.8437,4817.574312,26.23658,4871.228256,22.68064,3406.042464,17.34673
1326.5587,37.3057,3971.479992,26.8437,4838.209272,26.14985,4891.863216,22.63728,3385.404456,17.3901
1308.93002,37.21905,3950.845032,26.8437,4858.84728,25.97639,4912.501224,22.55055,3364.769496,17.3901
1291.30133,37.13239,3930.207024,26.8437,4879.48224,25.8463,4933.136184,22.37709,3344.131488,17.43346
1273.67264,37.04574,3909.572064,26.8437,4900.120248,25.67284,4953.774192,22.29036,3323.496528,17.52019
1256.04396,37.00241,3888.934056,26.8437,4920.755208,25.54274,4974.409152,22.16026,3302.85852,17.52019
1238.41527,36.91575,3868.299096,26.8437,4941.393216,25.41265,4995.04716,21.9868,3282.22356,17.60692
1220.78658,36.8291,3847.661088,26.8437,4962.028176,25.28255,5015.68212,21.90007,3261.585552,17.60692
1203.15789,36.74244,3827.026128,26.8437,4982.666184,25.10909,5036.320128,21.81334,3240.950592,17.69365
1185.52921,36.65579,3806.38812,26.8437,5003.301144,24.979,5056.955088,21.68324,3220.315632,17.69365
1167.90052,36.56913,3785.75316,26.8437,5023.939152,24.80553,5077.593096,21.55315,3199.677624,17.73702
1150.27183,36.48248,3765.115152,26.8437,5044.574112,24.67544,5098.228056,21.42305,3179.042664,17.78038
1132.64315,36.43915,3744.480192,26.8437,5065.209072,24.54534,5118.866064,21.29296,3158.404656,17.82375
1115.01446,36.3525,3723.842184,26.8437,5085.84708,24.41525,5139.501024,21.1195,3137.769696,17.86711
1097.38577,36.26584,3703.207224,26.8437,5106.48204,24.24179,5160.139032,20.9894,3117.131688,17.86711
1079.75709,36.17919,3682.569216,26.8437,5127.120048,24.06833,5180.773992,20.81594,3096.496728,17.91048
1062.1284,36.13586,3661.934256,26.8437,5147.755008,23.89487,5201.412,20.68585,3075.85872,17.95384
1044.49971,36.0492,3641.296248,26.8437,5168.393016,23.80814,5222.04696,20.55575,3055.22376,17.99721
1026.87102,35.91922,3620.661288,26.8437,5189.027976,23.63468,5242.684968,20.38229,3034.585752,18.08394
1013.64951,35.74591,3600.02328,26.8437,5209.665984,23.50458,5263.319928,20.2522,3013.950792,18.1273
1009.24234,35.5726,3579.38832,26.8437,5230.300944,23.33112,5283.957936,20.03537,2993.312784,18.21403
1004.83516,35.39929,3558.750312,26.8437,5250.938952,23.20102,5304.592896,19.90527,2972.677824,18.2574
1000.42799,35.22598,3538.115352,26.8437,5271.573912,23.02756,5325.230904,19.73181,2952.039816,18.30076
991.61365,35.05267,3517.477344,26.8437,5292.21192,22.89747,5345.865864,19.64508,2931.404856,18.38749
982.79931,34.87936,3496.842384,26.8437,5312.84688,22.72401,5366.503872,19.47162,2910.766848,18.43086
973.98496,34.70605,3476.204376,26.8437,5333.484888,22.55055,5387.138832,19.29816,2890.131888,18.47422
969.57779,34.53274,3455.569416,26.8437,5354.119848,22.37709,5407.773792,19.16807,2869.49388,18.47422
969.57779,34.35943,3434.934456,26.8437,5374.757856,22.24699,5428.4118,19.03797,2848.85892,18.51759
956.35628,34.18612,3414.296448,26.8437,5395.392816,22.07353,5449.04676,18.86451,2828.220912,18.51759
943.13476,34.01281,3393.661488,26.8437,5416.030824,21.94344,5469.684768,18.69105,2807.585952,18.51759
934.32042,33.8395,3373.02348,26.8437,5436.665784,21.76998,5490.319728,18.51759,2786.947944,18.56096
929.91324,33.66619,3352.38852,26.8437,5457.303792,21.63988,5510.957736,18.30076,2766.312984,18.60432
934.32042,33.49288,3331.750512,26.8437,5477.938752,21.46642,5531.592696,18.1273,2745.674976,18.60432
921.0989,33.31957,3311.115552,26.8437,5498.57676,21.29296,5552.230704,17.95384,2725.040016,18.60432
912.28456,33.14626,3290.477544,26.7136,5519.21172,21.1195,5572.865664,17.78038,2704.402008,18.60432
903.47021,32.97295,3269.842584,26.62687,5539.849728,20.9894,5593.503672,17.60692,2683.767048,18.60432
894.65587,32.79964,3249.204576,26.49677,5560.484688,20.81594,5614.138632,17.43346,2663.132088,18.60432
890.2487,32.62633,3228.569616,26.36668,5581.122696,20.64248,5634.77664,17.26,2642.49408,18.60432
885.84153,32.45302,3207.931608,26.23658,5601.757656,20.46902,5655.4116,17.12991,2621.85912,18.64769
877.02718,32.27971,3187.296648,26.10649,5622.392616,20.29556,5676.049608,16.95645,2601.221112,18.56096
863.80567,32.1064,3166.65864,25.93303,5643.030624,20.1221,5696.684568,16.78298,2580.586152,18.56096
854.99132,31.93309,3146.02368,25.80293,5663.665584,19.90527,5717.322576,16.60952,2559.948144,18.56096
850.58415,31.75978,3125.385672,25.7162,5684.303592,19.73181,5737.957536,16.43606,2539.313184,18.51759
850.58415,31.58647,3104.750712,25.58611,5704.938552,19.55835,5758.595544,16.2626,2518.675176,18.47422
837.36264,31.41316,3084.112704,25.41265,5725.57656,19.38489,5779.230504,16.08914,2498.040216,18.47422
828.54829,31.23985,3063.477744,25.32592,5746.21152,19.21143,5799.868512,15.87232,2477.402208,18.43086
815.32678,31.06653,3042.839736,25.15246,5766.849528,18.99461,5820.503472,15.69886,2456.767248,18.38749
810.91961,30.89322,3022.204776,25.02236,5787.484488,18.77778,5841.14148,15.56876,2436.12924,18.38749
810.91961,30.71991,3001.566768,24.89226,5808.122496,18.60432,5861.77644,15.3953,2415.49428,18.30076
797.69809,30.5466,2980.931808,24.76217,5828.757456,18.43086,5882.414448,15.22184,2394.856272,18.2574
784.47658,30.37329,2960.2938,24.63207,5849.395464,18.2574,5903.049408,15.17847,2374.221312,18.21403
771.25506,30.19998,2939.65884,24.54534,5870.030424,18.08394,5923.684368,15.09174,2353.583304,18.1273
766.84789,30.02667,2919.020832,24.37188,5890.668432,17.86711,5944.322376,14.96165,2332.948344,18.08394
762.44072,29.85336,2898.385872,24.28515,5911.303392,17.65029,5964.957336,14.78819,2312.310336,18.04057
753.62637,29.68005,2877.750912,24.15506,5931.9414,17.47683,5977.34136,14.57136,2291.675376,17.99721
744.81203,29.50674,2857.112904,24.02496,5952.57636,17.30337,5997.97632,14.35454,2271.037368,17.91048
735.99769,29.33343,2836.477944,23.89487,5973.214368,17.08654,6018.614328,14.13771,2250.402408,17.91048
731.59051,29.16012,2815.839936,23.8515,5993.849328,16.86971,6039.249288,13.96425,2229.7644,17.78038
722.77617,28.98681,2795.204976,23.67804,6014.487336,16.69625,6059.887296,13.74743,2209.12944,17.73702
713.96183,28.8135,2774.566968,23.54795,6035.122296,16.52279,6080.522256,13.57396,2188.491432,17.65029
705.14748,28.64019,2753.932008,23.46122,6055.760304,16.30597,6101.160264,13.35714,2167.856472,17.60692
696.33314,28.46688,2733.294,23.37449,6076.395264,16.13251,6117.668232,13.14031,2147.221512,17.47683
691.92597,28.29357,2712.65904,23.24439,6097.033272,15.91568,6138.303192,12.92349,2126.583504,17.3901
678.70445,28.12026,2692.021032,23.11429,6117.668232,15.78559,6158.9412,12.70666,2105.948544,17.30337
674.29728,27.94695,2671.386072,23.02756,6138.303192,15.61213,6179.57616,12.48984,2085.310536,17.17327
656.66859,27.77364,2650.748064,22.89747,6158.9412,15.43867,6200.214168,12.31638,2064.675576,17.04318
652.26142,27.60033,2630.113104,22.81074,6175.449168,15.22184,6220.849128,12.09955,2044.037568,16.95645
647.85425,27.42702,2609.475096,22.63728,6187.833192,15.00501,6241.487136,11.88272,2023.402608,16.82635
630.22556,27.25371,2588.840136,22.55055,6208.468152,14.83155,6262.122096,11.6659,2002.7646,16.73962
612.59688,27.0804,2568.202128,22.46382,6229.10616,14.65809,6282.760104,11.49244,1982.12964,16.60952
594.96819,26.99374,2547.567168,22.33372,6249.74112,14.44127,6303.395064,11.31898,1961.491632,16.47943
577.3395,26.86376,2526.92916,22.24699,6270.379128,14.22444,6324.033072,11.14552,1940.856672,16.34933
559.71082,26.77711,2506.2942,22.1169,6291.014088,14.05098,6344.668032,10.97206,1920.218664,16.2626
542.08213,26.69045,2485.656192,22.03017,6311.652096,13.87752,6365.30604,10.7986,1899.583704,16.17587
524.45344,26.69045,2465.021232,21.90007,6332.287056,13.66069,6385.941,10.62514,1878.945696,16.08914
506.82475,26.64712,2444.383224,21.81334,6344.668032,13.44387,6406.579008,10.45167,1858.310736,15.95905
489.19607,26.6038,2423.748264,21.68324,6365.30604,13.22704,6427.213968,10.27821,1837.672728,15.91568
471.56738,26.6038,2403.110256,21.59651,6385.941,13.05358,6447.851976,10.14812,1817.037768,15.82895
453.93869,26.6038,2382.475296,21.46642,6406.579008,12.83676,6468.486936,9.97466,1796.39976,15.74222
436.31001,26.64712,2361.840336,21.37969,6427.213968,12.61993,6489.124944,9.8012,1775.7648,15.65549
418.68132,26.69045,2341.202328,21.24959,6447.851976,12.40311,6509.759904,9.62774,1755.126792,15.61213
401.05263,26.73378,2320.567368,21.20623,6464.359944,12.18628,6530.397912,9.49764,1734.491832,15.48203
383.42394,26.77711,2299.92936,21.07613,6484.997952,11.96945,6551.032872,9.32418,1713.853824,15.3953
365.79526,26.82043,2279.2944,20.9894,6505.632912,11.79599,6571.67088,9.19409,1693.218864,15.30857
348.16657,26.90709,2258.656392,20.85931,6526.27092,11.62253,6592.30584,9.02063,1672.580856,15.22184
330.53788,26.99374,2238.021432,20.77258,6546.90588,11.44907,6612.943848,8.84717,1651.945896,15.09174
312.9092,27.0804,2217.383424,20.68585,6567.54084,11.27561,6633.578808,8.71707,1631.307888,15.04838
295.28051,27.21038,2196.748464,20.55575,6588.178848,11.10215,6654.216816,8.54361,1610.672928,15.04838
277.65182,27.29704,2176.110456,20.46902,6608.813808,10.88533,6674.851776,8.45688,1590.037968,14.96165
260.02313,27.42702,2155.475496,20.33893,6629.451816,10.75523,6695.486736,8.32678,1569.39996,14.87492
242.39445,27.60033,2134.837488,20.2522,6650.086776,10.58177,6716.124744,8.15332,1548.765,14.78819
224.76576,27.73031,2114.202528,20.16547,6670.724784,10.36494,6736.759704,7.9365,1528.126992,14.70146
207.13707,27.81697,2093.56452,20.07873,6691.359744,10.23485,6757.397712,7.76304,1507.492032,14.61473
4777.3742,44.32477,2072.92956,19.94864,6711.997752,10.06139,6778.032672,7.63294,1486.854024,14.528
4795.00289,44.15146,2052.291552,19.86191,6732.632712,9.93129,6798.67068,7.45948,1466.219064,14.48463
4808.22441,43.97815,2031.656592,19.77518,6753.27072,9.75783,6819.30564,7.32939,1445.581056,14.44127
4825.85309,43.80484,2011.018584,19.68845,6773.90568,9.62774,6839.943648,7.19929,1424.946096,14.31117
4839.07461,43.63153,1990.383624,19.60172,6794.543688,9.41091,6860.578608,7.02583,1404.308088,14.26781
4856.7033,43.50154,1969.745616,19.47162,6815.178648,9.28082,6881.216616,6.89573,1383.673128,14.13771
4874.33198,43.32823,1949.110656,19.38489,6835.816656,9.10736,6901.851576,6.72227,1363.03512,14.09435
4891.96067,43.15492,1928.472648,19.29816,6856.451616,9.02063,6922.489584,6.54881,1342.40016,14.00762
4909.58936,42.98161,1907.837688,19.21143,6877.089624,8.84717,6943.124544,6.37535,1321.762152,13.87752
4922.81087,42.8083,1887.19968,19.1247,6897.724584,8.63034,6963.762552,6.24526,1301.127192,13.83416
4940.43956,42.63499,1866.56472,18.99461,6918.362592,8.41351,6984.397512,6.0718,1280.489184,13.70406
4958.06825,42.50501,1845.926712,18.95124,6938.997552,8.24005,7005.03552,5.9417,1259.854224,13.61733
4975.69693,42.3317,1825.291752,18.82115,6959.63556,8.06659,7025.67048,5.76824,1239.216216,13.57396
4993.32562,42.15839,1804.656792,18.73442,6980.27052,7.9365,7046.308488,5.63815,1218.581256,13.48723
5010.95431,42.02841,1784.018784,18.64769,7000.908528,7.76304,7066.943448,5.50805,1197.943248,13.4005
5028.583,41.8551,1763.383824,18.56096,7021.543488,7.58958,7087.581456,5.42132,1177.308288,13.31377
5046.21168,41.68179,1742.745816,18.47422,7042.181496,7.45948,7108.216416,5.24786,1156.67028,13.22704
5063.84037,41.50848,1722.110856,18.38749,7062.816456,7.32939,7128.854424,5.11776,1136.03532,13.14031
5081.46906,41.33517,1701.472848,18.2574,7083.454464,7.11256,7149.489384,4.98767,1115.397312,13.09695
5094.69057,41.16186,1680.837888,18.21403,7104.089424,6.9391,7170.127392,4.81421,1094.762352,13.01022
5112.31926,41.16186,1660.19988,18.1273,7124.724384,6.809,7190.762352,4.68411,1074.127392,12.88012
5129.94795,41.24851,1639.56492,18.04057,7145.362392,6.63554,7211.397312,4.59738,1053.489384,12.75003
5116.72643,40.94522,1618.926912,17.91048,7165.997352,6.50545,7232.03532,4.46729,1032.854424,12.6633
5134.35512,40.77191,1598.291952,17.82375,7186.63536,6.33199,7252.67028,4.38056,1012.216416,12.5332
5151.98381,40.5986,1577.653944,17.73702,7207.27032,6.24526,7273.308288,4.25046,0,0
5169.61249,40.42529,1557.018984,17.69365,7227.908328,6.0718,7293.943248,4.16373,0,0
5187.24118,40.2953,1536.380976,17.56356,7248.543288,5.98507,7314.581256,3.99027,0,0
5204.86987,40.16532,1515.746016,17.47683,7269.181296,5.85497,7335.216216,3.86017,0,0
5222.49855,39.99201,1495.108008,17.3901,7289.816256,5.68151,7355.854224,3.77344,0,0
5240.12724,39.8187,1474.473048,17.30337,7310.454264,5.59478,7376.489184,3.64335,0,0
5257.75593,39.68872,1453.83504,17.21664,7331.089224,5.46468,7397.127192,3.55662,0,0
5275.38462,39.60206,1433.20008,17.12991,7351.727232,5.33459,7417.762152,3.42652,0,0
5293.0133,39.47208,1412.562072,17.08654,7372.362192,5.20449,7438.40016,3.25306,0,0
5310.64199,39.29877,1391.927112,16.99981,7393.0002,5.16113,7459.03512,3.12297,0,0
5328.27068,39.16879,1371.289104,16.91308,7413.63516,5.03103,7479.673128,3.03624,0,0
5345.89936,39.03881,1350.654144,16.82635,7434.273168,4.9443,7500.308088,2.90614,0,0
5363.52805,38.90882,1330.016136,16.73962,7454.908128,4.81421,7520.946096,2.81941,0,0
5381.15674,38.77884,1309.381176,16.69625,7475.546136,4.68411,7541.581056,2.68932,0,0
5398.78543,38.69218,1288.746216,16.56616,7496.181096,4.59738,7562.219064,2.55922,0,0
5416.41411,38.51887,1268.108208,16.52279,7516.819104,4.51065,7582.854024,2.42913,0,0
5434.0428,38.38889,1247.473248,16.43606,7537.454064,4.38056,7603.492032,2.29903,0,0
5451.67149,38.25891,1226.83524,16.34933,7558.092072,4.33719,7624.126992,2.2123,0,0
5469.30017,38.12893,1206.20028,16.2626,7578.727032,4.2071,7644.765,2.12557,0,0
5486.92886,37.95562,1185.562272,16.21924,7599.36504,4.077,7665.39996,1.99547,0,0
5504.55755,37.78231,1164.927312,16.13251,7620,4.03364,7686.037968,1.90874,0,0
5522.18623,37.69565,1144.289304,16.04578,7640.63496,3.90354,7706.672928,1.86538,0,0
5539.81492,37.56567,1123.654344,15.95905,7661.272968,3.86017,7727.307888,1.82201,0,0
5557.44361,37.43569,1103.016336,15.87232,7681.907928,3.77344,7747.945896,1.73528,0,0
5575.0723,37.34903,1082.381376,15.78559,7702.545936,3.64335,7768.580856,1.64855,0,0
5592.70098,37.26238,1061.743368,15.74222,7723.180896,3.55662,7789.218864,1.56182,0,0
5610.32967,37.13239,1041.108408,15.65549,7743.818904,3.51325,7809.853824,1.51846,0,0
5627.95836,37.00241,1020.4704,15.61213,7764.453864,3.38316,7830.491832,1.43173,0,0
5645.58704,36.8291,999.83544,15.5254,7785.091872,3.38316,7851.126792,1.38836,0,0
5663.21573,36.65579,979.197432,15.43867,7805.726832,3.29643,7871.7648,1.345,0,0
5680.84442,36.52581,958.562472,15.35194,7826.36484,3.2097,7892.39976,1.25827,0,0
5698.47311,36.43915,937.924464,15.2652,7846.9998,3.16633,7913.037768,1.17154,0,0
5716.10179,36.3525,917.289504,15.22184,7867.637808,3.16633,7933.672728,1.08481,0,0
5733.73048,36.22251,896.651496,15.13511,7888.272768,3.0796,7954.310736,1.04144,0,0
5751.35917,36.09253,876.016536,15.04838,7908.910776,3.0796,0,0,0,0
5768.98785,36.0492,855.378528,14.96165,7929.545736,3.03624,0,0,0,0
5786.61654,35.91922,834.743568,14.87492,7950.183744,2.99287,0,0,0,0
5804.24523,35.78924,814.10556,14.83155,7970.818704,2.94951,0,0,0,0
5821.87392,35.65926,793.4706,14.83155,7991.456712,2.94951,0,0,0,0
5839.5026,35.52927,0,0,0,0,0,0,0,0
5857.13129,35.39929,0,0,0,0,0,0,0,0
5874.75998,35.26931,0,0,0,0,0,0,0,0
5892.38866,35.13933,0,0,0,0,0,0,0,0
5910.01735,35.05267,0,0,0,0,0,0,0,0
5927.64604,34.96601,0,0,0,0,0,0,0,0
5945.27473,34.87936,0,0,0,0,0,0,0,0
5962.90341,34.7927,0,0,0,0,0,0,0,0
5980.5321,34.66272,0,0,0,0,0,0,0,0
5998.16079,34.53274,0,0,0,0,0,0,0,0
6015.78947,34.40276,0,0,0,0,0,0,0,0
6033.41816,34.3161,0,0,0,0,0,0,0,0
6051.04685,34.22945,0,0,0,0,0,0,0,0
6068.67553,34.09946,0,0,0,0,0,0,0,0
6086.30422,33.96948,0,0,0,0,0,0,0,0
6103.93291,33.88283,0,0,0,0,0,0,0,0
6121.5616,33.79617,0,0,0,0,0,0,0,0
6139.19028,33.70952,0,0,0,0,0,0,0,0
6156.81897,33.62286,0,0,0,0,0,0,0,0
6174.44766,33.53621,0,0,0,0,0,0,0,0
6192.07634,33.44955,0,0,0,0,0,0,0,0
6209.70503,33.3629,0,0,0,0,0,0,0,0
6227.33372,33.27624,0,0,0,0,0,0,0,0
6244.96241,33.18959,0,0,0,0,0,0,0,0
6262.59109,33.10293,0,0,0,0,0,0,0,0
6280.21978,33.01627,0,0,0,0,0,0,0,0
6297.84847,32.88629,0,0,0,0,0,0,0,0
6315.47715,32.79964,0,0,0,0,0,0,0,0
6333.10584,32.75631,0,0,0,0,0,0,0,0
6350.73453,32.66965,0,0,0,0,0,0,0,0
6368.36322,32.53967,0,0,0,0,0,0,0,0
6385.9919,32.45302,0,0,0,0,0,0,0,0
6403.62059,32.27971,0,0,0,0,0,0,0,0
6421.24928,32.14972,0,0,0,0,0,0,0,0
6438.87796,31.97641,0,0,0,0,0,0,0,0
6452.09948,31.84643,0,0,0,0,0,0,0,0
6465.32099,31.67312,0,0,0,0,0,0,0,0
6478.54251,31.49981,0,0,0,0,0,0,0,0
6491.76403,31.3265,0,0,0,0,0,0,0,0
6491.76403,31.15319,0,0,0,0,0,0,0,0
6496.1712,30.97988,0,0,0,0,0,0,0,0
6504.98554,30.80657,0,0,0,0,0,0,0,0
6513.79988,30.63326,0,0,0,0,0,0,0,0
6522.61423,30.45995,0,0,0,0,0,0,0,0
6531.42857,30.28664,0,0,0,0,0,0,0,0
6540.24291,30.11333,0,0,0,0,0,0,0,0
6549.05726,29.94002,0,0,0,0,0,0,0,0
6557.8716,29.76671,0,0,0,0,0,0,0,0
6557.8716,29.5934,0,0,0,0,0,0,0,0
6557.8716,29.42009,,,,,,,,
6571.09312,29.24678,,,,,,,,
6579.90746,29.07347,,,,,,,,
6593.12898,28.90016,,,,,,,,
6597.53615,28.72685,,,,,,,,
6606.35049,28.55354,,,,,,,,
6615.16484,28.38023,,,,,,,,
6619.57201,28.20692,,,,,,,,
6632.79352,28.03361,,,,,,,,
6646.01504,27.8603,,,,,,,,
6650.42221,27.68699,,,,,,,,
6663.64372,27.51368,,,,,,,,
6668.0509,27.34037,,,,,,,,
6672.45807,27.16705,,,,,,,,
6685.67958,26.99374,,,,,,,,
6694.49393,26.82043,,,,,,,,
6707.71544,26.64712,,,,,,,,
6712.12261,26.47381,,,,,,,,
6716.52979,26.3005,,,,,,,,
6729.7513,26.12719,,,,,,,,
6742.97282,25.95388,,,,,,,,
6751.78716,25.78057,,,,,,,,
6765.00868,25.60726,,,,,,,,
6773.82302,25.43395,,,,,,,,
6787.04453,25.26064,,,,,,,,
6795.85888,25.08733,,,,,,,,
6809.08039,24.91402,,,,,,,,
6817.89474,24.74071,,,,,,,,
6831.11625,24.5674,,,,,,,,
6844.33777,24.39409,,,,,,,,
6853.15211,24.22078,,,,,,,,
6870.7808,24.04747,,,,,,,,
6884.00231,23.87416,,,,,,,,
6888.40949,23.70085,,,,,,,,
6901.631,23.52754,,,,,,,,
6914.85252,23.35423,,,,,,,,
6919.25969,23.18092,,,,,,,,
6932.4812,23.00761,,,,,,,,
6945.70272,22.8343,,,,,,,,
6963.33141,22.66099,,,,,,,,
6967.73858,22.48768,,,,,,,,
6985.36726,22.31437,,,,,,,,
6994.18161,22.14106,,,,,,,,
7002.99595,21.96775,,,,,,,,
7020.62464,21.79444,,,,,,,,
7033.84615,21.62113,,,,,,,,
7038.25333,21.44782,,,,,,,,
7051.47484,21.27451,,,,,,,,
7064.69636,21.1012,,,,,,,,
7077.91787,20.92789,,,,,,,,
7091.13939,20.75458,,,,,,,,
7104.3609,20.58127,,,,,,,,
7113.17525,20.40796,,,,,,,,
7126.39676,20.23465,,,,,,,,
7135.2111,20.06134,,,,,,,,
7152.83979,19.88803,,,,,,,,
7166.06131,19.71472,,,,,,,,
7174.87565,19.5414,,,,,,,,
7192.50434,19.36809,,,,,,,,
7201.31868,19.19478,,,,,,,,
7218.94737,19.02147,,,,,,,,
7227.76171,18.84816,,,,,,,,
7245.3904,18.67485,,,,,,,,
7258.61191,18.50154,,,,,,,,
7276.2406,18.32823,,,,,,,,
7289.46212,18.15492,,,,,,,,
7307.0908,17.98161,,,,,,,,
7315.90515,17.8083,,,,,,,,
7972.57374,11.91575,,,,,,,,
7954.94505,11.91575,,,,,,,,
7937.31637,11.95908,,,,,,,,
7919.68768,12.08907,,,,,,,,
7902.05899,12.17572,,,,,,,,
7884.43031,12.26238,,,,,,,,
7866.80162,12.39236,,,,,,,,
7849.17293,12.52234,,,,,,,,
7831.54425,12.69565,,,,,,,,
7813.91556,12.82563,,,,,,,,
7796.28687,12.95562,,,,,,,,
7778.65818,13.0856,,,,,,,,
7761.0295,13.21558,,,,,,,,
7743.40081,13.38889,,,,,,,,
7725.77212,13.51887,,,,,,,,
7708.14344,13.69218,,,,,,,,
7690.51475,13.8655,,,,,,,,
7672.88606,14.03881,,,,,,,,
7655.25737,14.16879,,,,,,,,
7637.62869,14.3421,,,,,,,,
7620,14.47208,,,,,,,,
7602.37131,14.60206,,,,,,,,
7589.1498,14.77537,,,,,,,,
7571.52111,14.94868,,,,,,,,
7558.2996,15.12199,,,,,,,,
7540.67091,15.25198,,,,,,,,
7523.04222,15.42529,,,,,,,,
7505.41353,15.5986,,,,,,,,
7487.78485,15.77191,,,,,,,,
7478.9705,15.94522,,,,,,,,
7461.34182,16.11853,,,,,,,,
7443.71313,16.29184,,,,,,,,
7430.49161,16.46515,,,,,,,,
7417.2701,16.63846,,,,,,,,
7399.64141,16.81177,,,,,,,,
7382.01272,16.98508,,,,,,,,
7368.79121,17.15839,,,,,,,,
