step,time,alt,speed,hdot,range,lat,long,pitch,roll,tgt_range,range_err,az_err,roll_ref,l_d,
1,0,121.999999999999,7975.5301423085,-95.532433531399,9530.23679254806,46.9066170110042,6.8624384170505,30,-50,0,0,-12.5275673259802,0,0.208627202880783,
2,5,121.522123621074,7975.97415148799,-95.6178393118703,9530.23677380857,47.2165193301267,6.61774165513708,30,-50,0,0,-12.4749977511791,0,0.210164837470458,
3,10,121.043828445981,7976.41684184863,-95.6999502482695,9492.06341122466,47.526023681903,6.37038233945043,30,-50,0,0,-12.4981339227081,0,0.211787091507621,
4,15,120.565130964311,7976.85810191104,-95.778759470255,9453.89068676667,47.8351188235664,6.12030404546107,30,-50,0,0,-12.5217646048336,0,0.213565907218994,
5,20,120.086047702795,7977.29780661126,-95.8542586761346,9415.71883848421,48.1437972501488,5.86744769336349,30,-50,0,0,-12.5458495944419,0,0.215513020244126,
6,25,119.606595243157,7977.73581717963,-95.9264345912534,9377.54770986258,48.452050138193,5.61175392775874,30,-50,0,0,-12.5704040331166,0,0.217651554123012,
7,30,119.126790240274,7978.17196753107,-95.9952704505431,9339.37729282673,48.7598591410057,5.35315821187697,30,-50,0,0,-12.5954431928133,0,0.220014307588038,
8,35,118.646649449597,7978.6060719532,-96.0607440940398,9301.20816414978,49.0672159916729,5.09159881170001,30,-50,0,0,-12.6209665526441,0,0.222616013023545,
9,40,118.166189739276,7979.03793160633,-96.1228314197865,9263.04025351154,49.3741092150132,4.82701239406788,30,-50,0,0,-12.6469799837813,0,0.225469796549942,
10,45,117.685428110831,7979.46733157871,-96.181503431199,9224.87373160036,49.6805258641749,4.55932981414816,30,-50,0,0,-12.6734812697253,0,0.228589262867377,
11,50,117.204381717511,7979.89404515935,-96.2367288692417,9186.70866020702,49.9864558452357,4.28848596450626,30,-50,0,0,-12.7004769224668,0,0.231986730559503,
12,55,116.723067877928,7980.31783113612,-96.2884722742947,9148.54512093016,50.291883378633,4.01440750694121,30,-50,0,0,-12.7279755737474,0,0.235673066516519,
13,60,116.241504104138,7980.73843491593,-96.3366922444061,9110.38331593005,50.5967944276338,3.73702334790039,30,-50,0,0,-12.7559861520677,0,0.239657680016131,
14,65,115.759708117264,7981.1555892744,-96.3813455174886,9072.22347140258,50.9011766102465,3.45626064819567,30,-50,0,0,-12.784504503525,0,0.243948459277475,
15,70,115.277697871642,7981.5690121759,-96.4223829585653,9034.06565414544,51.2050185529987,3.17204467689828,30,-50,0,0,-12.8135366823959,0,0.248550522662966,
16,75,114.795491576088,7981.97841066387,-96.4597514478564,8995.90982090726,51.5083021614394,2.88429620945755,30,-50,0,0,-12.8430886017499,0,0.253466899563552,
17,80,114.313107721836,7982.38347778524,-96.4933907309501,8957.75631504894,51.8110140856061,2.59293746905178,30,-50,0,0,-12.8731666123195,0,0.258706639244947,
18,85,113.830565120395,7982.78387867638,-96.523231749105,8919.60523140275,52.1131337606517,2.29788439374886,30,-50,0,0,-12.9037747205977,0,0.264283150028077,
19,90,113.347882958744,7983.17924611925,-96.5491941701844,8881.45700232887,52.4146540568434,1.99905588726921,30,-50,0,0,-12.9349168494531,0,0.270225317162102,
20,95,112.865080849431,7983.56918477506,-96.5711869356974,8843.31120156272,52.7155507833404,1.6963636260981,30,-50,0,0,-12.9665988635965,0,0.276531532247616,
21,100,112.382178896899,7983.95327129092,-96.5891055464285,8805.16847813968,53.015811315917,1.38972229908723,30,-50,0,0,-12.9988248541608,0,0.283213254412578,
22,105,111.89919775812,7984.33105605814,-96.6028327767017,8767.02877852847,53.3154166956272,1.07904059304167,30,-50,0,0,-13.031602791044,0,0.290272654314664,
23,110,111.416158692112,7984.70207725318,-96.6122446448353,8728.89233323157,53.6143473274897,0.764225356464067,30,-50,0,0,-13.0649348586573,0,0.297706888041235,
24,115,110.933083615558,7985.06584748386,-96.6172034104275,8690.7594051128,53.9125873447502,0.445181875914727,30,-50,0,0,-13.0988267114849,0,0.305506175381174,
25,120,110.44999515921,7985.42187044548,-96.6175604082346,8652.62996671081,54.2101171516951,0.121812982326333,30,-50,0,0,-13.1332841992462,0,0.313665890724752,
26,125,109.966916717152,7985.76964466606,-96.6131605760816,8614.5042395218,54.5069144804755,-0.205983080467547,30,-50,0,0,-13.1683110355867,0,0.322136823058259,
27,130,109.483872469637,7986.10866458707,-96.6038424649491,8576.38250856356,54.8029618275168,-0.538306512813506,30,-50,0,0,-13.2039124945821,0,0.33092916272955,
28,135,109.000887445346,7986.43840211014,-96.5894256909683,8538.26484382878,55.0982341142324,-0.875263731705786,30,-50,0,0,-13.2400941835545,0,0.340051649018026,
29,140,108.517987636087,7986.75827956532,-96.5697050695862,8500.15167866987,55.392712425933,-1.21696313069469,30,-50,0,0,-13.2768596672276,0,0.349527181093257,
30,145,108.03520012492,7987.06766604463,-96.544448256182,8462.04296486332,55.6863749276221,-1.56351308054184,30,-50,0,0,-13.3142147368447,0,0.359373146112971,
31,150,107.552553239426,7987.36588405821,-96.5133902855068,8423.93895881892,55.979197853662,-1.91503070292413,30,-50,0,0,-13.3521641598939,0,0.36960197971503,
32,155,107.070076695684,7987.65221379497,-96.4762407685257,8385.83973622308,56.2711542996648,-2.27162929853353,30,-50,0,0,-13.3907120434087,0,0.380225813133097,
33,160,106.587801747923,7987.92589289075,-96.432674191728,8347.74586420969,56.5622219354147,-2.63342952130961,30,-50,0,0,-13.4298616536057,0,0.391228849436603,
34,165,106.105761339302,7988.18612152228,-96.3823404335094,8309.65731247427,56.8523780743477,-3.00055312908205,30,-50,0,0,-13.4696153849222,0,0.402625692983342,
35,170,105.623990254078,7988.43206631428,-96.3248533066494,8271.57411551874,57.141587771349,-3.37312686986928,30,-50,0,0,-13.5099630770572,0,0.414403354991746,
36,175,105.142525276008,7988.66286226759,-96.259799153559,8233.49705536681,57.4298309416792,-3.75127805178317,30,-50,0,0,-13.5509521278435,0,0.426550740332539,
37,180,104.661405333747,7988.87761383042,-96.1867353050916,8195.42589166308,57.7170776092157,-4.1351386487334,30,-50,0,0,-13.5925635275089,0,0.439044502670062,
38,185,104.180671627081,7989.07540501175,-96.1051914522745,8157.36097609984,58.0032969584174,-4.52484383041644,30,-50,0,0,-13.6347929605486,0,0.451877772779967,
39,190,103.70036784298,7989.25523120936,-96.0146346916586,8119.30265753775,58.288461527001,-4.92053215253543,30,-50,0,0,-13.6776349033608,0,0.465099847066933,
40,195,103.220540539576,7989.4159660401,-95.9144503444932,8081.25097939819,58.5725371791756,-5.32234456047217,30,-50,0,0,-13.7211127449996,0,0.478718908962899,
41,200,102.741239556556,7989.55635848608,-95.8039378457556,8043.20643428237,58.8554944680737,-5.73042594711058,30,-50,0,0,-13.7652283629456,0,0.492770907004116,
42,205,102.262518450191,7989.67504440586,-95.6823130768676,8005.16909273124,59.137296502292,-6.14492501086784,30,-50,0,0,-13.8099673141688,0,0.507247632751403,
43,210,101.784434910296,7989.77053502007,-95.548705797577,7967.1394560461,59.4179106576267,-6.56599389467107,30,-50,0,0,-13.8553355765974,0,0.522131791824831,
44,215,101.307051197215,7989.84121894691,-95.4021564014988,7929.11765873789,59.6973017114836,-6.99378697123746,30,-50,0,0,-13.9013445281963,0,0.537390464550806,
45,220,100.830434602546,7989.88535256549,-95.2416126034609,7891.10399912359,59.9754322087264,-7.42846352055261,30,-50,0,0,-13.9479996356547,0,0.552975236277574,
46,225,100.354657899035,7989.90104571178,-95.0659326987211,7853.09878899252,60.2522637598225,-7.87018569419479,30,-50,0,0,-13.995247606323,0,0.568820504408411,
47,230,99.8797998162964,7989.88625115072,-94.8738756051498,7815.10235418252,60.5277559092272,-8.31911927773808,30,-50,0,0,-14.0431378657164,0,0.584843364147836,
48,235,99.4059454771923,7989.83879788014,-94.6641401155653,7777.11507280187,60.8018678021607,-8.77543348266454,30,-50,0,0,-14.0916599805505,0,0.600904750345215,
49,240,98.9331866343338,7989.75635122869,-94.4353468733061,7739.13727131724,61.0745608587882,-9.23930065262152,30,-50,0,0,-14.1407779535239,0,0.616942563077042,
50,245,98.461622370312,7989.63624797495,-94.1859382523658,7701.16906630355,61.345789376979,-9.71089755873044,30,-50,0,0,-14.19054205131,0,0.632895934842615,
51,250,97.9913599853069,7989.47547619991,-93.9141851627378,7663.210910163,61.6155060876464,-10.1904031404095,30,-50,0,0,-14.2409315497989,0,0.648679867357797,
52,255,97.5225158785302,7989.27067699395,-93.6181804549342,7625.26331897848,61.8836644645502,-10.6780007151543,30,-50,0,0,-14.29190909933,0,0.664194496541658,
53,260,97.055216373709,7989.01815301606,-93.2958627516159,7587.32662690241,62.1502146712647,-11.1738759952518,30,-50,0,0,-14.3434693272369,0,0.679349114802187,
54,265,96.5895984772798,7988.71391460023,-92.9450239529888,7549.40132239353,62.4151108865493,-11.6782180162468,30,-50,0,0,-14.3956201381636,0,0.694078662924133,
55,270,96.1258105779467,7988.35373943689,-92.5633208659624,7511.48755336491,62.67829638615,-12.1912190392347,30,-50,0,0,-14.4483402174867,0,0.708382607641929,
56,275,95.6640130747296,7987.93333086411,-92.1482983419069,7473.58603143307,62.9397203917928,-12.7130738778371,30,-50,0,0,-14.5016232033527,0,0.722360208827217,
57,280,95.2043788833227,7987.44855901882,-91.6974058129235,7435.69702953112,63.1993266671951,-13.2439805474128,30,-50,0,0,-14.5554505648008,0,0.736318461078076,
58,285,94.747093893094,7986.8955046828,-91.2080112371259,7397.82103325606,63.4570533540664,-13.7841380456578,30,-50,0,0,-14.609818508286,0,0.750352326966138,
59,290,94.2923572764387,7986.27024182873,-90.677418277,7359.95881927735,63.7128486804151,-14.3337504702522,30,-50,0,0,-14.6647107750796,0,0.764447846515137,
60,295,93.8403820924703,7985.56865705256,-90.1027395412334,7322.11037232396,63.9666433174017,-14.8930207306143,30,-50,0,0,-14.7200636056393,0,0.778633809879108,
61,300,93.3913964832863,7984.78636516696,-89.480835392189,7284.27671398806,64.2183759537158,-15.4621554046445,30,-50,0,0,-14.7759126976412,0,0.792929752322113,
62,305,92.9456448878786,7983.91870836028,-88.8083337307221,7246.45822751402,64.4679854628824,-16.0413628292071,30,-50,0,0,-14.8322202397009,0,0.807169408976291,
63,310,92.5033889645487,7982.96065592284,-88.0817302188984,7208.65518574485,64.7153950043815,-16.6308499383858,30,-50,0,0,-14.8889275338858,0,0.82139025884999,
64,315,92.0649083066918,7981.90720498535,-87.2973531462867,7170.86870579403,64.9605394705106,-17.2308259273429,30,-50,0,0,-14.946093236336,0,0.83570606416435,
65,320,91.6305011622086,7980.75342131916,-86.4514283818899,7133.09910605367,65.2033498636242,-17.8415028350849,30,-50,0,0,-15.0036281045081,0,0.850096581178825,
66,325,91.2004847916914,7979.49438961976,-85.5401336485143,7095.34671338929,65.4437434927329,-18.4630869092598,30,-50,0,0,-15.0615184239759,0,0.864535478116685,
67,330,90.7751955667781,7978.12526179304,-84.55964292306,7057.61267279913,65.6816471677048,-19.0957857189352,30,-50,0,0,-15.1197248107943,0,0.87899481510906,
68,335,90.3549891060051,7976.64115416442,-83.5060618439288,7019.8974532169,65.9169798210944,-19.7398062823959,30,-50,0,0,-15.1782492269719,0,0.89346499678745,
69,340,89.9402407443523,7975.03716444023,-82.3754460310529,6982.20177536683,66.1496585837993,-20.3953533970459,30,-50,0,0,-15.2370254000853,0,0.907911946607195,
70,345,89.5313452378865,7973.30856396045,-81.1639790384615,6944.52634452347,66.3796057142794,-21.0626288945139,30,-50,0,0,-15.2960275943982,0,0.922286045937308,
71,350,89.1287160759913,7971.45074602735,-79.8679302761561,6906.87154515849,66.6067261121096,-21.7418277796222,30,-50,0,0,-15.3552398439576,0,0.9365781233506,
72,355,88.732785684932,7969.45896315557,-78.483453617891,6869.23858055826,66.8309359044754,-22.433144117885,30,-50,0,0,-15.4146174923362,0,0.950779817341873,
73,360,88.3440058942493,7967.3283974685,-77.0066526939618,6831.62790659107,67.0521398245658,-23.1367646895059,30,-50,0,0,-15.4741369999166,0,0.964866012242887,
74,365,87.9628479583403,7965.05423986772,-75.4336770149107,6794.04045667911,67.27024606732,-23.852870626553,30,-50,0,0,-15.5337627430346,0,0.978799673499947,
75,370,87.5898019757811,7962.63182133278,-73.7608673917721,6756.47689249511,67.4851602979893,-24.581636003601,30,-50,0,0,-15.5934636100429,0,0.992531734394945,
76,375,87.2253757391311,7960.05662335743,-71.9848050999849,6718.93788396337,67.6967790268293,-25.3232199060179,30,-50,0,0,-15.6532137106013,0,1.00600638949253,
77,380,86.8700931994403,7957.3244618856,-70.1024899281867,6681.42462307106,67.9050057809723,-26.0777794417183,30,-50,0,0,-15.7129570194853,0,1.01916124164251,
78,385,86.5244921013713,7954.43150965852,-68.1114186686875,6643.93763731366,68.1097352988566,-26.8454573876758,30,-50,0,0,-15.7726714487309,0,1.03193162475644,
79,390,86.1891212250153,7951.37439187247,-66.0096997884566,6606.4778344666,68.3108594820671,-27.6263796648439,30,-50,0,0,-15.8323603735633,0,1.04425168149795,
80,395,85.8645370973954,7948.15025726836,-63.7961465599212,6569.04630783686,68.5082802594492,-28.4206681577322,30,-50,0,0,-15.8919911356496,0,1.05605916531623,
81,400,85.5513001877526,7944.7568697026,-61.4703858259757,6531.64337328871,68.7018810659189,-29.2284148005253,30,-50,0,0,-15.9515476479137,0,1.06729338874143,
82,405,85.2499706662092,7941.19266980038,-59.0329303071733,6494.27046062209,68.8915544800867,-30.0497054296436,30,-50,0,0,-16.0110114386895,0,1.07790355430532,
83,410,84.9611037694328,7937.45685316308,-56.4852623865522,6456.9282232705,69.0771884585579,-30.8846020326711,30,-50,0,0,-16.0704195052751,0,1.0878454932804,
84,415,84.6852446117802,7933.54953395808,-53.8299415837187,6419.61761981881,69.2586717075873,-31.7331533330458,30,-50,0,0,-16.1297538843736,0,1.09708419919675,
85,420,84.4229229006702,7929.47167165687,-51.0705540914739,6382.33928748002,69.4358885053852,-32.5953713067008,30,-50,0,0,-16.1890393438339,0,1.10560452660956,
86,425,84.1746480822666,7925.22502830846,-48.2116127698621,6345.09452259565,69.6087241985233,-33.4712561923284,30,-50,0,0,-16.2482966777464,0,1.11340668515824,
87,430,83.9409046702301,7920.81225858641,-45.2585953868563,6307.88411198456,69.777065805185,-34.3607824580282,30,-50,0,0,-16.3075510426503,0,1.12049392666582,
88,435,83.7221472723074,7916.23700634835,-42.2179988198031,6270.70882054923,69.9407971093881,-35.2638937924793,30,-50,0,0,-16.3668434004256,0,1.12687892695184,
89,440,83.5187953952216,7911.50400798665,-39.0973731866293,6233.56962868938,70.0998042663802,-36.1805063634925,30,-50,0,0,-16.426221599651,0,1.13257932686499,
90,445,83.3312282167962,7906.6191428881,-35.9053212196195,6196.46743548103,70.2539720649238,-37.110506045841,30,-50,0,0,-16.4857420037591,0,1.13762137014899,
91,450,83.1597790451311,7901.58958354416,-32.6515324819554,6159.40318322846,70.4031897874451,-38.0537530294163,30,-50,0,0,-16.5454689634339,0,1.14203755716056,
92,455,83.0047305082586,7896.42361489607,-29.3466322343186,6122.37754831412,70.5473421441122,-39.0100672634807,30,-50,0,0,-16.6054785221034,0,1.14586310400911,
93,460,82.8663097237982,7891.13076521757,-26.0021682850718,6085.3915663109,70.6863228565402,-39.9792435697295,30,-50,0,0,-16.6658510202538,0,1.14913913134424,
94,465,82.744684026666,7885.72167713604,-22.6304918937562,6048.44585985062,70.8200214209187,-40.9610316110578,30,-50,0,0,-16.7266807491876,0,1.1519051153833,
95,470,82.6399572790861,7880.20803306262,-19.244615523354,6011.54149956188,70.9483332192569,-41.9551603113264,30,-50,0,0,-16.7880645448723,0,1.15420124488851,
96,475,82.5521668365886,7874.6024528232,-15.8581064842142,5974.67897225891,71.0711560400346,-42.9613059516796,30,-50,0,0,-16.8501089208578,0,1.15606566273452,
97,480,82.481281216139,7868.9183226259,-12.4848899045658,5937.85936658747,71.1883876668945,-43.9791278131755,30,-50,0,0,-16.9129250962143,0,1.1575335138982,
98,485,82.4271989485053,7863.16956004788,-9.13905646665035,5901.08305982969,71.2999375578989,-45.0082344125747,30,-50,0,0,-16.976627128258,0,1.15863462957532,
99,490,82.3897477340968,7857.37056304327,-5.83476791531666,5864.35091915284,71.4057093919948,-46.0482079921982,30,-50,0,0,-17.041338177283,0,1.1593929380692,
100,495,82.3686848660251,7851.53589020313,-2.58601131869386,5827.66343888247,71.5056172316601,-47.0985880690455,30,-50,0,0,-17.1071761409583,0,1.15982748602536,
101,500,82.3636984292138,7845.68008970644,0.593544629993175,5791.02133111604,71.5995787814429,-48.1588833917509,30,-50,0,0,-17.1742643265864,0,1.15995277081518,
102,505,82.3744092967501,7839.81751382781,3.69070794730987,5754.42512762886,71.68751578899,-49.2285687894528,30,-50,0,0,-17.2427254838958,0,1.15977551712273,
103,510,82.4003739017155,7833.96211889026,6.69292395500884,5717.87531403333,71.769357659696,-50.3070825788847,30,-50,0,0,-17.3126777108843,0,1.15929751013793,
104,515,82.4410877011903,7828.1273233777,9.58838845179639,5681.37248906681,71.8450372438985,-51.3938419478176,30,-50,0,0,-17.3842381460862,0,1.15851833340833,
105,520,82.4959894358497,7822.32574650172,12.3662031807651,5644.91684167376,71.9144929733962,-52.4882144070731,30,-50,0,0,-17.4575327964686,0,1.15743087693241,
106,525,82.5644655904071,7816.56922344304,15.0164150069947,5608.5092023313,71.9776708211411,-53.5895628388645,30,-50,0,0,-17.5326634278284,0,1.15602914903139,
107,530,82.645855485444,7810.86862423566,17.5301117514059,5572.14958864891,72.034522069436,-54.6972083910405,30,-50,0,0,-17.6097412706956,0,1.15430239914911,
108,535,82.739456596652,7805.23378840897,19.8994770458141,5535.83852031276,72.0850047925218,-55.8104499004425,30,-50,0,0,-17.6888372941684,0,1.15224131850937,
109,540,82.8445301024318,7799.67347757026,22.1178117552302,5499.57645193999,72.129084703082,-56.9285744223283,30,-50,0,0,-17.7700938158408,0,1.149836678824,
110,545,82.9603064936157,7794.19537089289,24.1795430937605,5463.36353346995,72.1667316541921,-58.050847345209,30,-50,0,0,-17.8535569379699,0,1.14708338146473,
111,550,83.0859910719236,7788.80608785305,26.0801935238524,5427.19995202405,72.1979278525724,-59.1765081980872,30,-50,0,0,-17.9393405170247,0,1.14397557529532,
112,555,83.2207697981354,7783.51109306245,27.8164248055743,5391.0863765556,72.222654853231,-60.3047928987172,30,-50,0,0,-18.0275053385167,0,1.14051471611335,
113,560,83.3638142386964,7778.3149139837,29.3858855168869,5355.02296751669,72.2409065289582,-61.4349393559303,30,-50,0,0,-18.1181122670111,0,1.1367037650315,
114,565,83.5142867643945,7773.22110227636,30.7872164069468,5319.00966999952,72.2526801382933,-62.5661538903167,30,-50,0,0,-18.211195324905,0,1.1325506758238,
115,570,83.6713452844163,7768.23230592912,32.0199831799646,5283.04714457367,72.2579850316714,-63.6976565520313,30,-50,0,0,-18.306850668295,0,1.12806881145122,
116,575,83.8341476665325,7763.35035225801,33.0845928264107,5247.13570066358,72.2568313568528,-64.8286713724835,30,-50,0,0,-18.4051441464839,0,1.12327454483114,
117,580,84.001855732277,7758.57634057174,33.9822100790707,5211.27533069599,72.2492392557865,-65.9584106779766,30,-50,0,0,-18.506100113196,0,1.11818970447721,
118,585,84.1736389409173,7753.9106773926,34.7146959777274,5175.46664326955,72.2352364073528,-67.086117611226,30,-50,0,0,-18.6097638108819,0,1.1128396155932,
119,590,84.3486773702176,7749.35325704766,35.2844727592883,5139.70955686339,72.214854150798,-68.2110120930956,30,-50,0,0,-18.7161687327437,0,1.10725004285443,
120,595,84.5261647299314,7744.90340553858,35.694512923349,5104.00492711883,72.1881340443339,-69.3323600203709,30,-50,0,0,-18.8253516716204,0,1.10145274826801,
121,600,84.705310646954,7740.56004276723,35.9482148645131,5068.35278833434,72.1551163130154,-70.4494251295467,30,-50,0,0,-18.9373532318994,0,1.09547935547999,
122,605,84.8853426904818,7736.3217035086,36.0493492320725,5032.75340217806,72.1158577519661,-71.5614923854564,30,-50,0,0,-19.0521898429593,0,1.08936120645938,
123,610,85.0655080342116,7732.18662685907,36.0019734389364,4997.20750464423,72.0704093382231,-72.667875167737,30,-50,0,0,-19.1699141680322,0,1.08313170472635,
124,615,85.2450748602599,7728.15274309055,35.8104309272445,4961.71505956366,72.0188381015116,-73.7679056144447,30,-50,0,0,-19.2905175164847,0,1.07683174583355,
125,620,85.4233337233616,7724.21768811317,35.4793240542847,4926.27677376891,71.9612093993137,-74.8609395927874,30,-50,0,0,-19.4140207484624,0,1.07049772653205,
126,625,85.5995987622077,7720.37882482097,35.01346558303,4890.89308342081,71.8975916596148,-75.9463661022287,30,-50,0,0,-19.5404902394006,0,1.0641675199683,
127,630,85.7732084885659,7716.63334681855,34.4177941254952,4855.56417657624,71.8280695999059,-77.0235970738576,30,-50,0,0,-19.6698997837804,0,1.05787709693914,
128,635,85.9435263820309,7712.978271487,33.6973470036214,4820.29117567179,71.7527144626108,-78.09208254602,30,-50,0,0,-19.8022557356752,0,1.05166182597227,
129,640,86.1099412603099,7709.41048462148,32.8572185841468,4785.07394341906,71.6716157270462,-79.1513020353842,30,-50,0,0,-19.9376020612983,0,1.045553714548,
130,645,86.2718674684688,7705.92676180845,31.90251853601,4749.91333714393,71.5848600593546,-80.2007644666375,30,-50,0,0,-20.0760158829709,0,1.03958385961892,
131,650,86.428744902486,7702.5237897202,30.8383554293785,4714.80994799012,71.4925379934466,-81.2400177261929,30,-50,0,0,-20.2174524629717,0,1.03378098334855,
132,655,86.5800389608685,7699.19818052039,29.6698076424394,4679.76428804749,71.3947453085044,-82.2686343394536,30,-50,0,0,-20.3619757927431,0,1.02817156217278,
133,660,86.725240140276,7695.94654726561,28.4018639651374,4644.77732638766,71.291573835551,-83.2862365169354,30,-50,0,0,-20.5096018763415,0,1.02278027878114,
134,665,86.8638638637699,7692.76542142161,27.0394721785707,4609.84917963233,71.1831256561157,-84.2924623309689,30,-50,0,0,-20.660362413673,0,1.01762882198859,
135,670,86.9954500439093,7689.65132460282,25.5874904923427,4574.98106756326,71.0694992182595,-85.2869971349677,30,-50,0,0,-20.814273476429,0,1.01273825135934,
136,675,87.1195626646671,7686.60075342789,24.0506858254562,4540.17348388663,70.9507968049071,-86.269548822016,30,-50,0,0,-20.9713727156997,0,1.00812626627542,
137,680,87.2357892249571,7683.61024001637,22.4336988675734,4505.42741065871,70.8271228211593,-87.2398676202659,30,-50,0,0,-21.1316951655957,0,1.00381016411024,
138,685,87.3437402487174,7680.67626864925,20.7410974478699,4470.74368620536,70.6985761531459,-88.1977309054894,30,-50,0,0,-21.2952745716493,0,0.999804036331636,
139,690,87.4430487965597,7677.79534185507,18.9773293469747,4436.12279697596,70.5652650711714,-89.1429424770442,30,-50,0,0,-21.4621317149523,0,0.996122687270759,
140,695,87.5333699271418,7674.963958346,17.1467458396324,4401.56606992229,70.427294299663,-90.0753441499135,30,-50,0,0,-21.6323064273536,0,0.992776807082636,
141,700,87.6143802059265,7672.1786216922,15.2535986604287,4367.07435800183,70.2847656984601,-90.9948008256527,30,-50,0,0,-21.8058475857093,0,0.98977858833982,
142,705,87.6857772136368,7669.4358273595,13.3020446828272,4332.64844078519,70.1377902172186,-91.9012050560277,30,-50,0,0,-21.9827865616532,0,0.987137508715249,
143,710,87.747279276263,7666.73194185081,11.2962248826107,4298.28991032772,69.9864631233492,-92.7944795779948,30,-50,0,0,-22.1631997095827,0,0.984863280837738,
144,715,87.79862472599,7664.06368791035,9.24000493372785,4263.99899331709,69.8308958436027,-93.6745670630783,30,-50,0,0,-22.34706589874,0,0.982964159494728,
145,720,87.8395715538301,7661.42740323459,7.1373803270634,4229.77751300291,69.6711881299144,-94.5414349027745,30,-50,0,0,-22.5344750805104,0,0.981448210337494,
146,725,87.8698974083457,7658.81952228482,4.9922235769111,4195.62635842241,69.5074437563834,-95.3950744238195,30,-50,0,0,-22.7254639571699,0,0.98032125898972,
147,730,87.8893991802046,7656.23644789678,2.80835962560599,4161.54685350633,69.3397648898718,-96.2354951696925,30,-50,0,0,-22.9200799070924,0,0.979591967838053,
148,735,87.8978927950477,7653.67453944654,0.589581313614843,4127.54038134894,69.1682469444668,-97.0627281491415,30,-50,0,0,-23.1183769201827,0,0.979265674795194,
149,740,87.8952130988669,7651.13009685731,-1.66033602534048,4093.60781133228,68.9929939397761,-97.8768206901747,30,-50,0,0,-23.3204091340992,0,0.979347074782303,
150,745,87.8812138227942,7648.59932986958,-3.93761036625418,4059.75101326624,68.8141002743646,-98.6778366662315,30,-50,0,0,-23.5262211303169,0,0.979842233518831,
151,750,87.8557675051587,7646.07847942248,-6.23849675497848,4025.97115083459,68.631661924412,-99.4658554768965,30,-50,0,0,-23.7358718892645,0,0.980755895084608,
152,755,87.818765584277,7643.56358629126,-8.55917926624656,3992.269720947,68.4457756332109,-100.240971741061,30,-50,0,0,-23.9494168357231,0,0.982093663158862,
153,760,87.7701186160557,7641.05063418144,-10.8958226071198,3958.64848092184,68.2565280411994,-101.003289952223,30,-50,0,0,-24.1669179397717,0,0.983858486382024,
154,765,87.709756486671,7638.53548327356,-13.244528185112,3925.10848780204,68.0640172666507,-101.752928353327,30,-50,0,0,-24.3884273412411,0,0.986054599934519,
155,770,87.6376287229508,7636.0138740935,-15.6013326412295,3891.65209444796,67.8683281999802,-102.490015248589,30,-50,0,0,-24.614012559672,0,0.988683942545278,
156,775,87.5537049201746,7633.48139337511,-17.9621703247204,3858.28060769592,67.6695494118832,-103.214686365022,30,-50,0,0,-24.8437315576009,0,0.991750731792488,
157,780,87.4579752131747,7630.93349378516,-20.3228867281954,3824.99596895114,67.4677626622845,-103.927087364033,30,-50,0,0,-25.0776437735958,0,0.995255662038368,
158,785,87.3504509282764,7628.36538577036,-22.6791571522724,3791.79965427042,67.2630587811727,-104.627370852139,30,-50,0,0,-25.3158099312936,0,0.999199386097564,
159,790,87.2311652977588,7625.77213658674,-25.0265391024397,3758.69431279506,67.0555115014358,-105.315694907702,30,-50,0,0,-25.5582908160435,0,1.00358255942629,
160,795,87.1001741894009,7623.14859012031,-27.3604169262275,3725.68113972095,66.8452064857008,-105.992222434183,30,-50,0,0,-25.8051513823044,0,1.00840122428469,
161,800,86.9575570270065,7620.48934655279,-29.6759809184443,3692.76280974047,66.6322158999992,-106.657122468892,30,-50,0,0,-26.0564525059272,0,1.01365553528584,
162,805,86.8034178051539,7617.78874889276,-31.9682067282405,3659.94085481986,66.4166218445405,-107.310567044065,30,-50,0,0,-26.3122556412964,0,1.0193365872955,
163,810,86.6378862054441,7615.04086587586,-34.2318423872588,3627.21811041227,66.1984927694258,-107.952729541898,30,-50,0,0,-26.572616479261,0,1.02543742914847,
164,815,86.461118773981,7612.23947088231,-36.461387528148,3594.59629291105,65.9779053406,-108.583787085075,30,-50,0,0,-26.8376399871095,0,1.03194476781982,
165,820,86.2733002298633,7609.37802079038,-38.6510742362785,3562.0782192145,65.754924749187,-109.203919174965,30,-50,0,0,-27.1073267070207,0,1.03884633248858,
166,825,86.0746448428258,7606.44962030007,-40.7948438790773,3529.66576419301,65.529624188301,-109.813304119959,30,-50,0,0,-27.3817726513111,0,1.04612065032884,
167,830,85.8653979056915,7603.44701846588,-42.8863448746891,3497.36194714465,65.3020715771112,-110.412121948292,30,-50,0,0,-27.6610258088266,0,1.05374166285384,
168,835,85.6458372334419,7600.36259748419,-44.9189304320622,3465.16948632627,65.0723230842955,-111.000551546895,30,-50,0,0,-27.9451443827018,0,1.06168584576903,
169,840,85.416274677434,7597.18825684399,-46.8855952382867,3433.09012661579,64.8404512740952,-111.578773687392,30,-50,0,0,-28.2341900184453,0,1.0699095933514,
170,845,85.1770578855155,7593.91553951407,-48.7790625022417,3401.12759965292,64.6065135664736,-112.146964611399,30,-50,0,0,-28.5282169501633,0,1.07837035017198,
171,850,84.9285716852564,7590.53550601155,-50.591731924273,3369.28432747028,64.3705717135868,-112.705302399871,30,-50,0,0,-28.8272833962851,0,1.08701555400217,
172,855,84.6712396186963,7587.03876024642,-52.3157188544945,3337.56341947555,64.1326842821435,-113.253961117938,30,-50,0,0,-29.1314404236888,0,1.09578162340906,
173,860,84.4055253072344,7583.41538097231,-53.9428376632839,3305.96792829926,63.8929044733235,-113.793112951495,30,-50,0,0,-29.4407373391526,0,1.10460803270734,
174,865,84.1319344270453,7579.6547161773,-55.4644453654762,3274.50057487463,63.6512902147946,-114.322929998086,30,-50,0,0,-29.7552253701175,0,1.11342901065073,
175,870,83.8510170010598,7575.74532806209,-56.8714442881286,3243.16482303121,63.4078948229708,-114.843574758525,30,-50,0,0,-30.0749507060989,0,1.12216826157068,
176,875,83.5633696736749,7571.6749230321,-58.154294821504,3211.9639460096,63.1627773996776,-115.355220555975,30,-50,0,0,-30.3999527806318,0,1.13073731450622,
177,880,83.2696377892038,7567.43033403323,-59.3030573229694,3180.9019754653,62.9159794651885,-115.858020677587,30,-50,0,0,-30.7302750429606,0,1.13903919457569,
178,885,82.9705172938379,7562.9974507633,-60.3074503466922,3149.98139634425,62.6675585638076,-116.352138110887,30,-50,0,0,-31.0659519107325,0,1.14696837053386,
179,890,82.666756250958,7558.36121810964,-61.1569235762577,3119.20657858355,62.4175600639765,-116.837723845914,30,-50,0,0,-31.4070246675505,0,1.15441147560087,
180,895,82.3591558803339,7553.50565514243,-61.8407869435657,3088.58084349678,62.1660339858374,-117.31493177995,30,-50,0,0,-31.7535176992267,0,1.16125630386657,
181,900,82.0485709772622,7548.41395209448,-62.3483292100854,3058.10820161378,61.9130283306616,-117.78390610359,30,-50,0,0,-32.1054554868898,0,1.16739183241985,
182,905,81.7359096348127,7543.06940476773,-62.6689780393157,3027.79268994065,61.6585880534295,-118.244790470675,30,-50,0,0,-32.4628762491882,0,1.1729323135995,
183,910,81.4221320673125,7537.45757418121,-62.792485176869,2997.63819576991,61.4027575977012,-118.697723620315,30,-50,0,0,-32.8258105625749,0,1.17841940827033,
184,915,81.1082485707896,7531.56497401441,-62.7091036688987,2967.64875235955,61.1455869763807,-119.142842296901,30,-50,0,0,-33.1942918562906,0,1.18386687378486,
185,920,80.7953165539838,7525.37869046538,-62.4097771618335,2937.82919725525,60.8871119415429,-119.580274678429,30,-50,0,0,-33.5683585975601,0,1.18925571774516,
186,925,80.4844364155736,7518.88666857788,-61.8864130942301,2908.18298099922,60.6273839275189,-120.010149207733,30,-50,0,0,-33.9480586109954,0,1.19456535622097,
187,930,80.1767459601937,7512.0778449278,-61.1321907946812,2878.71545841599,60.3664392959043,-120.432590486699,30,-50,0,0,-34.3334487028107,0,1.19891539621051,
188,935,79.873414103603,7504.94013904297,-60.1415441849157,2849.4304803974,60.1043187477762,-120.847718147668,30,-50,0,0,-34.7245688807291,0,1.20294865321724,
189,940,79.5756326544816,7497.4614305644,-58.910916865355,2820.33254243742,59.8410718956342,-121.255655316025,30,-50,0,0,-35.1215045337179,0,1.20687341889769,
190,945,79.2846066861246,7489.63506563577,-57.4385162671282,2791.42729193892,59.5767311833751,-121.656509863426,30,-50,0,0,-35.5243442080523,0,1.21067446415065,
191,950,79.0015457987171,7481.45629358962,-55.724376957124,2762.71860995517,59.3113443289899,-122.050395412507,30,-50,0,0,-35.9332077162942,0,1.21434659846764,
192,955,78.7276542987646,7472.92248833656,-53.7706420712648,2734.2122244336,59.0449435458221,-122.437422634127,30,-50,0,0,-36.3482096916687,0,1.21787973019214,
193,960,78.4641198664568,7464.03347596219,-51.5818701651637,2705.91228696647,58.7775720045996,-122.817699816555,30,-50,0,0,-36.7694442850345,0,1.22126035932545,
194,965,78.2121008586092,7454.79179123966,-49.1652840372516,2677.82431017574,58.509271492295,-123.191333659054,30,-50,0,0,-37.1971519254479,0,1.22447663274042,
195,970,77.9727123816991,7445.20295804689,-46.5309909989908,2649.95379648474,58.2400705807622,-123.558421373382,30,-50,0,0,-37.6315211001195,0,1.22751604578526,
196,975,77.7470115692457,7435.27565017212,-43.69210260213,2622.30488059836,57.9700153622822,-123.919074966884,30,-50,0,0,-38.0727136091513,0,1.23036690262821,
197,980,77.5359822745733,7425.02181509354,-40.6648211999016,2594.88387127429,57.6991444867886,-124.27339508433,30,-50,0,0,-38.5210345808008,0,1.23303142398759,
198,985,77.3405196751365,7414.45663155516,-37.4683692974068,2567.69634709227,57.4274879056941,-124.621478884545,30,-50,0,0,-38.9767197342357,0,1.23546108970706,
199,990,77.1614154277574,7403.59873471327,-34.1250398924715,2540.74705130832,57.155083511603,-124.963433740174,30,-50,0,0,-39.440032311988,0,1.23768735693405,
200,995,76.9993427425325,7392.46965711461,-30.6597517280698,2514.04185293099,56.8819708553329,-125.299364387313,30,-50,0,0,-39.9112710657029,0,1.23968979164881,
201,1000,76.8548440203955,7381.09382896671,-27.0998886068403,2487.58696497281,56.6081783713133,-125.629369720305,30,-50,0,0,-40.3908524072722,0,1.2414642934312,
202,1005,76.7283193433424,7369.49824274233,-23.4749353130364,2461.38750474259,56.3337426564933,-125.953556858784,30,-50,0,0,-40.879384901971,0,1.24300793359723,
203,1010,76.6200171398064,7357.71202201958,-19.8159813199973,2435.44976623704,56.0586964419793,-126.272026931906,30,-50,0,0,-41.3769138556457,0,1.24431931729304,
204,1015,76.5300273962347,7345.76594128355,-16.1552282631676,2409.77975500943,55.7830723936735,-126.584892674606,30,-50,0,0,-41.8839933560225,0,1.24539966152432,
205,1020,76.4582774366047,7333.691933614,-12.5254427306995,2384.38384206717,55.5068991535665,-126.892258819555,30,-50,0,0,-42.4009808519496,0,1.24625078196238,
206,1025,76.4045306336898,7321.52249416003,-8.95937212869194,2359.26809534768,55.2302092246433,-127.19423627635,30,-50,0,0,-42.9286289530006,0,1.24687813342023,
207,1030,76.3683873413922,7309.29034725629,-5.48929794316837,2334.43933881509,54.9530289863785,-127.490936656345,30,-50,0,0,-43.4671889387617,0,1.24728748344633,
208,1035,76.3492894608844,7297.02756649601,-2.14631367442053,2309.90402045856,54.6753911137277,-127.78246717532,30,-50,0,0,-44.0170691370327,0,1.24748540968477,
209,1040,76.3465271201981,7284.76527068451,1.04007684795647,2285.66946254557,54.3973148466396,-128.068944205477,30,-50,0,0,-44.5788860803015,0,1.24748310863726,
210,1045,76.3592478392888,7272.5331183074,4.04240482996079,2261.74201412496,54.1188301660154,-128.350479769702,30,-50,0,0,-45.1527143684846,0,1.24728990467491,
211,1050,76.3864677727986,7260.35883149242,6.83565871033875,2238.12940397983,53.8399613519352,-128.627186263969,30,-50,0,0,-45.7395324949885,0,1.24691876885974,
212,1055,76.4270846557682,7248.26794148906,9.3975264595781,2214.83908056282,53.5607277726922,-128.899176636378,30,-50,0,0,-46.3390800820252,0,1.2463818169151,
213,1060,76.4798923221892,7236.28331962822,11.7087595074197,2191.87832434392,53.2811567537367,-129.166568174579,30,-50,0,0,-46.9524711730814,0,1.24569518027663,
214,1065,76.5435955276741,7224.42525942252,13.7530952214524,2169.25569784354,53.0012629181473,-129.4294712279,30,-50,0,0,-47.5795377105293,0,1.24487362199238,
215,1070,76.6168261762075,7212.71101790168,15.5175686380687,2146.97864158928,52.7210670550019,-129.687997261367,30,-50,0,0,-48.2210073141282,0,1.24393341341068,
216,1075,76.6981591411205,7201.1549505699,16.9923663883039,2125.05562496515,52.4405935271586,-129.942258211035,30,-50,0,0,-48.876897417721,0,1.24289250400742,
217,1080,76.7861277109534,7189.76863888567,18.1706489130579,2103.49585763291,52.1598491034762,-130.192362539894,30,-50,0,0,-49.5476031760321,0,1.24176864218161,
218,1085,76.8792397399312,7178.56013074588,19.049066004563,2082.30704090122,51.8788580027491,-130.438415585613,30,-50,0,0,-50.2333226390568,0,1.24057930854214,
219,1090,76.9759921892891,7167.53533125356,19.6265852805509,2061.49892552135,51.5976317026723,-130.680523784359,30,-50,0,0,-50.9343987107489,0,1.23934299028803,
220,1095,77.0748840367049,7156.69723443406,19.9050099154658,2041.0803745194,51.3161851721882,-130.918789849002,30,-50,0,0,-51.6506481389178,0,1.23807990146085,
221,1100,77.1744294058122,7146.04631698672,19.8885664850804,2021.06085747934,51.0345297351672,-131.153313965906,30,-50,0,0,-52.3820844528436,0,1.23680621598094,
222,1105,77.2731690730881,7135.58075697097,19.5836516237734,2001.44976158079,50.7526838062292,-131.384192675531,30,-50,0,0,-53.1296469060821,0,1.23554175622826,
223,1110,77.369680776448,7125.29660799,18.9986193374953,1982.25738390525,50.4706532095799,-131.611520716046,30,-50,0,0,-53.893054086345,0,1.23430498172504,
224,1115,77.4625880585872,7115.18824947476,18.1434030206835,1963.4930668471,50.1884524807706,-131.835391073501,30,-50,0,0,-54.6722347998962,0,1.23311168574574,
225,1120,77.5505691213757,7105.24747776444,17.0298979418042,1945.1672502078,49.9060877568741,-132.055887885974,30,-50,0,0,-55.467206515984,0,1.23197995810433,
226,1125,77.6323637754964,7095.46536586693,15.6708257955404,1927.28953891288,49.6235759587145,-132.273096817474,30,-50,0,0,-56.2781554260711,0,1.2309252751976,
227,1130,77.7067786334837,7085.8313356064,14.080159267307,1909.870864559,49.3409204320493,-132.487099649459,30,-50,0,0,-57.1043834051031,0,1.22996101930651,
228,1135,77.7726926544225,7076.33348479947,12.2728581028211,1892.92098765243,49.058136880523,-132.697974338727,30,-50,0,0,-57.9465200434119,0,1.22910834823884,
229,1140,77.8290615992881,7066.95894742004,10.2646079780309,1876.45085923629,48.7752259743347,-132.905796890327,30,-50,0,0,-58.8038103230027,0,1.22837332744934,
230,1145,77.8749213832552,7057.69374555139,8.07182214138652,1860.47017256592,48.4922055991758,-133.110637611567,30,-50,0,0,-59.6764762184753,0,1.22777142268229,
231,1150,77.9093915002076,7048.52300244252,5.7114893942703,1844.99005522485,48.2090777271583,-133.312564292287,30,-50,0,0,-60.5651321595053,0,1.22731368079568,
232,1155,77.9316776045607,7039.43104874997,3.20107844143513,1830.0202147889,47.9258547598441,-133.511645786135,30,-50,0,0,-61.4664823265686,0,1.227009706104,
233,1160,77.9410738120908,7030.4014438245,0.558493472648252,1815.57139524078,47.6425377168995,-133.707934570645,30,-50,0,0,-62.3829173510834,0,1.22686832939955,
234,1165,77.9369647389445,7021.41702721947,-2.19797619467386,1801.65260930755,47.359144915516,-133.901497234814,30,-50,0,0,-63.3135210775519,0,1.22689590839176,
235,1170,77.9188273614617,7012.45999239918,-5.04969397974696,1788.27497862337,47.0756752355463,-134.092381574872,30,-50,0,0,-64.2576124601881,0,1.22710428523621,
236,1175,77.8862326579727,7003.51175749107,-7.97763719877935,1775.44700660861,46.7921436550971,-134.280647637194,30,-50,0,0,-65.2148305276738,0,1.2274937536489,
237,1180,77.8388475836907,6994.55319285494,-10.9624994842952,1763.179023708,46.5085514605492,-134.466340532084,30,-50,0,0,-66.184678574753,0,1.22806812143227,
238,1185,77.7764364679288,6985.56446528568,-13.9846162174761,1751.47932342773,46.2249150421429,-134.649500694267,30,-50,0,0,-67.166532356784,0,1.22883062427939,
239,1190,77.6988627585238,6976.52511665571,-17.0240038823204,1740.3568734804,45.9412368810493,-134.830180690596,30,-50,0,0,-68.1596998061845,0,1.22978311375642,
240,1195,77.6060906936554,6967.41401198997,-20.060328529501,1729.81998438111,45.6575260061649,-135.008413234893,30,-50,0,0,-69.1636090951504,0,1.23092336294682,
241,1200,77.4981869897488,6958.20938528684,-23.0729313964519,1719.87602344279,45.373798014324,-135.184231140652,30,-50,0,0,-70.1773954279306,0,1.23225121915331,
242,1205,77.3753225979228,6948.88878052707,-26.0407812704532,1710.53240718461,45.0900532535655,-135.357680754945,30,-50,0,0,-71.2004407822072,0,1.23376329995536,
243,1210,77.2377743183644,6939.42917636905,-28.942565876275,1701.79586965314,44.8063063677439,-135.528780822215,30,-50,0,0,-72.2318533834123,0,1.23545263142668,
244,1215,77.0859264399996,6929.80686102813,-31.7566316029713,1693.67198033884,44.522568104744,-135.69756190515,30,-50,0,0,-73.2707368921175,0,1.23731550393817,
245,1220,76.9202719630394,6919.99766685926,-34.4611364928724,1686.16619644251,44.2388457604198,-135.864058317914,30,-50,0,0,-74.3161703200728,0,1.23934166709438,
246,1225,76.7414137397939,6909.97687179652,-37.0340075497995,1679.28343865394,43.9551496652827,-136.028279018137,30,-50,0,0,-75.3671984042972,0,1.24152323592972,
247,1230,76.5500650866674,6899.71944677421,-39.4531579044362,1673.02654252695,43.6714960737669,-136.190248213654,30,-50,0,0,-76.4231714461078,0,1.24384843702372,
248,1235,76.3470497166486,6889.20008418994,-41.6965390391799,1667.3990016495,43.3878920582018,-136.349981529393,30,-50,0,0,-77.4818947112267,0,1.24630151368253,
249,1240,76.1333010214427,6878.39342776373,-43.7423701267574,1662.40247134849,43.1043555947202,-136.50749463459,30,-50,0,0,-78.5434644463797,0,1.24886802236408,
250,1245,75.9098600107525,6867.27434377758,-45.569385192254,1658.03848241793,42.8208937470879,-136.662797679752,30,-50,0,0,-79.6063491001676,0,1.25153476160661,
251,1250,75.6778729718467,6855.81794742415,-47.1569262319247,1654.30678829528,42.5375267480605,-136.815900315634,30,-50,0,0,-80.6694947475405,0,1.25428440143441,
252,1255,75.4385863359775,6844.00031271076,-48.4855225858844,1651.20699457391,42.254264073499,-136.966808713024,30,-50,0,0,-81.7317334142122,0,1.25707141995839,
253,1260,75.1933407599516,6831.79856034534,-49.5370718096069,1648.73706148035,41.9711184654471,-137.115525540148,30,-50,0,0,-82.7918844694458,0,1.25968955376205,
254,1265,74.9435625897544,6819.19106008161,-50.2954717026296,1646.89402981664,41.6881161087938,-137.262054291386,30,-50,0,0,-83.8489395526163,0,1.26232902273469,
255,1270,74.6907546401722,6806.15590061788,-50.7463272060131,1645.67473921478,41.4052647150964,-137.406392083849,30,-50,0,0,-84.9015430140878,0,1.26497162064996,
256,1275,74.4364837489119,6792.67592204789,-50.8784209428359,1645.07384508434,41.1225825446991,-137.548541001858,30,-50,0,0,-85.9488356553745,0,1.26759645109437,
257,1280,74.1823665773701,6778.73635793254,-50.683122195228,1645.08600977916,40.8400940747985,-137.688496968762,30,-50,0,0,-86.9896127791423,0,1.2701871572519,
258,1285,73.9300550741302,6764.32545217404,-50.1550300789556,1645.7047894662,40.5578099283067,-137.826254785244,30,-50,0,0,-88.0228655674018,0,1.27272527006195,
259,1290,73.6812191157127,6749.43492789415,-49.2924563891493,1646.9222921764,40.2757518080484,-137.961809061519,30,-50,0,0,-89.0476621548775,0,1.27519249415708,
260,1295,73.4375268255444,6734.0605260796,-48.09787754325,1648.73021974662,39.9939423540618,-138.095157698456,30,-50,0,0,-90.063066904056,0,1.27757135528279,
261,1300,73.2006228196975,6718.20233860547,-46.5782821477123,1651.1197691456,39.7123976679257,-138.226297520157,30,-50,0,0,-91.0681682988121,0,1.27984610734734,
262,1305,72.9721042790143,6701.86559410548,-44.7457088462236,1654.08111175764,39.4311397618537,-138.355214635586,30,-50,0,0,-92.0618723774578,0,1.28200143072905,
263,1310,72.7534958433136,6685.06043719258,-42.6171722014569,1657.60300378824,39.1501899470553,-138.481912381224,30,-50,0,0,-93.0442086331232,0,1.2840244559502,
264,1315,72.5462240289738,6667.80241262674,-40.2148968757774,1661.67493906237,38.869562952642,-138.606383520088,30,-50,0,0,-94.0142179637911,0,1.28586944017157,
265,1320,72.3515913301362,6650.11269607145,-37.5663624404137,1666.28478102548,38.5892830788926,-138.728624406796,30,-50,0,0,-94.9713388597441,0,1.28763364971064,
266,1325,72.1707505369978,6632.01708045351,-34.7035870058489,1671.42035220104,38.3093726743887,-138.848641308244,30,-50,0,0,-95.9151980016472,0,1.28920723527579,
267,1330,72.0046828756733,6613.54695715714,-31.6634153253128,1677.06975538833,38.0298452284681,-138.96643165817,30,-50,0,0,-96.8452179290664,0,1.29061911080841,
268,1335,71.8541753426651,6594.73804182505,-28.486479659631,1683.21975149999,37.7507221854389,-139.082008790011,30,-50,0,0,-97.761771248666,0,1.29187101388898,
269,1340,71.7198034859085,6575.62996586683,-25.2165829972998,1689.85823287274,37.4720253165413,-139.195371523588,30,-50,0,0,-98.6642107151296,0,1.29296228995057,
270,1345,71.6019177268408,6556.26545505804,-21.8998153694299,1696.97148037589,37.193765453382,-139.306537457896,30,-50,0,0,-99.5526194271043,0,1.29389587089057,
271,1350,71.5006342619592,6536.68951135418,-18.5836189574998,1704.54703620062,36.9159626372366,-139.415518033093,30,-50,0,0,-100.426925352919,0,1.29467616440139,
272,1355,71.4158306769915,6516.94876504278,-15.3160015988678,1712.57178890724,36.6386286445182,-139.522327537232,30,-50,0,0,-101.287347858095,0,1.29530937571154,
273,1360,71.3471459020376,6497.08919672846,-12.1436736986441,1721.03265885477,36.3617765028852,-139.626997580925,30,-50,0,0,-102.133897114936,0,1.29580194080423,
274,1365,71.2939890832268,6477.15699834157,-9.11224528405228,1729.91803152545,36.0854215668174,-139.729540441567,30,-50,0,0,-102.966862205876,0,1.29616205791528,
275,1370,71.2555473280521,6457.19648577319,-6.26458194195516,1739.21451246429,35.8095711999931,-139.829991059438,30,-50,0,0,-103.786182704601,0,1.29639857235524,
276,1375,71.230801832499,6437.24936276252,-3.6400549157172,1748.91072573536,35.53423680939,-139.928377628117,30,-50,0,0,-104.59217828099,0,1.29652128756333,
277,1380,71.2185469593238,6417.3540673853,-1.27391682422217,1758.99473227094,35.2594231853885,-140.024725566537,30,-50,0,0,-105.385166954795,0,1.29654055707484,
278,1385,71.2174122977145,6397.54508644328,0.803257305405168,1769.45444327616,34.9851402225728,-140.119080182626,30,-50,0,0,-106.165071153616,0,1.29646961368947,
279,1390,71.2258872369034,6377.85243153897,2.56602648937996,1780.27965432622,34.7113922852904,-140.211469951721,30,-50,0,0,-106.932296836685,0,1.29631763464906,
280,1395,71.2423476621034,6358.30116771556,3.99437750162042,1791.45881216941,34.4381820901208,-140.301933392703,30,-50,0,0,-107.687131742309,0,1.29610018648353,
281,1400,71.2650820975332,6338.91159362261,5.07360565564591,1802.9814671957,34.1655144875371,-140.390505564428,30,-50,0,0,-108.429421321806,0,1.29582924146558,
282,1405,71.2923200771967,6319.69859564435,5.79460173257507,1814.837022464,33.8933927282171,-140.477233117024,30,-50,0,0,-109.159546591283,0,1.29552083796731,
283,1410,71.3222588129472,6300.67195267124,6.15358370744457,1827.01615982428,33.6218146551167,-140.562145352763,30,-50,0,0,-109.877326390095,0,1.29518760071585,
284,1415,71.3530893720035,6281.83645179882,6.15183699449176,1839.50829512654,33.3507833616191,-140.645284415993,30,-50,0,0,-110.583010542013,0,1.29484692968133,
285,1420,71.38302142445,6263.19207798886,5.79545710515254,1852.30417251199,33.0802978873682,-140.7266816744,30,-50,0,0,-111.276660093823,0,1.29451290182525,
286,1425,71.41030631903,6244.73422934819,5.09497202738885,1865.39387198563,32.8103618601168,-140.806383903881,30,-50,0,0,-111.958153052201,0,1.2942012904858,
287,1430,71.4332585098632,6226.45401799105,4.06502175292826,1878.76903814409,32.5409698887661,-140.884413898805,30,-50,0,0,-112.627826920191,0,1.29392558888546,
288,1435,71.4502748326492,6208.33867651455,2.7238648017692,1892.41958766532,32.2721274820424,-140.960811330388,30,-50,0,0,-113.284556407207,0,1.29370191134988,
289,1440,71.4598519016476,6190.37175559348,1.09308477092077,1906.3369880348,32.0038314176983,-141.035602923024,30,-50,0,0,-113.929354260899,0,1.29354385865486,
290,1445,71.4606015880974,6172.53354767549,-0.802854428858836,1920.51200149985,31.7360848936462,-141.108820234295,30,-50,0,0,-114.561595051148,0,1.29346206287481,
291,1450,71.4512637012312,6154.80191950022,-2.93729856303753,1934.9359289401,31.4688861003699,-141.180488825976,30,-50,0,0,-115.181650657403,0,1.29347022230468,
292,1455,71.4307193671465,6137.15052348258,-5.28043410415012,1949.59992997002,31.2022384376377,-141.250633469909,30,-50,0,0,-115.788738094746,0,1.2935766702898,
293,1460,71.3980010525826,6119.55223150352,-7.80158977462247,1964.49520288379,30.9361416416461,-141.319271608535,30,-50,0,0,-116.382989423164,0,1.29378974516904,
294,1465,71.3522993796812,6101.97731465137,-10.4682172421053,1979.61265534809,30.6706031159927,-141.386434574401,30,-50,0,0,-116.964037709319,0,1.29414327119806,
295,1470,71.2929710396668,6084.39419489323,-13.2464844075664,1994.94445612249,30.405621870641,-141.452120614066,30,-50,0,0,-117.531839652795,0,1.29455888557835,
296,1475,71.2195444145333,6066.76978783716,-16.1015872150483,2010.48031189375,30.141205869732,-141.516358225757,30,-50,0,0,-118.086192841292,0,1.29512048436973,
297,1480,71.1317239556536,6049.06963072676,-18.997955084491,2026.21260745664,29.877359127097,-141.579150494099,30,-50,0,0,-118.626789578234,0,1.29580109662775,
298,1485,71.0293931898652,6031.25823768912,-21.8995696294176,2042.13181184272,29.6140889283562,-141.640505734543,30,-50,0,0,-119.15341305654,0,1.2965988779796,
299,1490,70.9126164295524,6013.29927130869,-24.7701836390875,2058.22898725566,29.3514049074221,-141.700429781247,30,-50,0,0,-119.665811137043,0,1.29750740184998,
300,1495,70.7816391065093,5995.15588397149,-27.5736460871613,2074.49510888414,29.0893148633233,-141.758931751358,30,-50,0,0,-120.163734274094,0,1.29852051213438,
301,1500,70.6368865600098,5976.79101560684,-30.27421183003,2090.92174870113,28.8278304456408,-141.815997877775,30,-50,0,0,-120.646962695098,0,1.29964815012145,
302,1505,70.4789612683225,5958.16742382657,-32.8366953410762,2107.49849248414,28.566964826036,-141.871638634346,30,-50,0,0,-121.115240240653,0,1.30082307391395,
303,1510,70.3086388544813,5939.24909175488,-35.2275098117129,2124.2172441134,28.3067284543793,-141.925841266101,30,-50,0,0,-121.568309181766,0,1.30208663015849,
304,1515,70.1268592558112,5920.00021151537,-37.4141834637869,2141.06817055392,28.0471399861716,-141.978599990299,30,-50,0,0,-122.005932377113,0,1.30340683222884,
305,1520,69.934719983425,5900.38656038967,-39.366397547823,2158.04189468265,27.7882128422505,-142.029905448533,30,-50,0,0,-122.427899211626,0,1.30476763822011,
306,1525,69.7334638214689,5880.37589999234,-41.0564554509153,2175.12916726702,27.5299686782223,-142.079742490324,30,-50,0,0,-122.834019268766,0,1.30615199062412,
307,1530,69.5244644976948,5859.93840562064,-42.4597160267911,2192.32002938799,27.2724205207634,-142.12810180122,30,-50,0,0,-123.224125037443,0,1.30754336942035,
308,1535,69.3092107117567,5839.04705172163,-43.5549212616124,2209.60565795307,27.0155952442731,-142.17496605516,30,-50,0,0,-123.598063038783,0,1.30892570743987,
309,1540,69.0892877977174,5817.67818649266,-44.3247670385624,2226.9760178108,26.7595129981604,-142.220316699947,30,-50,0,0,-123.955725544165,0,1.31028469636981,
310,1545,68.8663567342581,5795.81211007619,-44.7563828623956,2244.4214861365,26.5041959515522,-142.264139869657,30,-50,0,0,-124.297044658707,0,1.31160447192863,
311,1550,68.6421307062917,5773.43359485286,-44.8418893411663,2261.93292786749,26.2496686535465,-142.306408241572,30,-50,0,0,-124.622008301305,0,1.31287440621646,
312,1555,68.4183485608539,5750.53267711791,-44.5789397511094,2279.50008605028,25.9959567524468,-142.347112860724,30,-50,0,0,-124.930661118005,0,1.31408281098647,
313,1560,68.1967463089405,5727.10501094535,-43.9710956647459,2297.11440824812,25.7430830274443,-142.386229486805,30,-50,0,0,-125.22308849267,0,1.31522126734102,
314,1565,67.9790267298278,5703.15236310505,-43.028122409032,2314.76634358704,25.4910795313053,-142.423740406875,30,-50,0,0,-125.499481819701,0,1.31628491009105,
315,1570,67.7668277671253,5678.68300820795,-41.7662185631818,2332.44654491011,25.2399685706758,-142.459626287458,30,-50,0,0,-125.76005438889,0,1.31727041562209,
316,1575,67.5616902923547,5653.71177229355,-40.2079783042484,2350.14623670517,24.9897762028896,-142.493870966221,30,-50,0,0,-126.005129360699,0,1.31817552734252,
317,1580,67.3650256661316,5628.26012089936,-38.3823788075584,2367.85686235699,24.7405321796394,-142.526461431062,30,-50,0,0,-126.235102242373,0,1.31900199128236,
318,1585,67.1780881429426,5602.35389386214,-36.3237588229812,2385.57006277997,24.4922631159907,-142.557381201394,30,-50,0,0,-126.450390483308,0,1.31961101921294,
319,1590,67.0019442994911,5576.02613949199,-34.0721594927957,2403.27751271065,24.2449907982792,-142.586622659847,30,-50,0,0,-126.651562080888,0,1.32016096285148,
320,1595,66.8374497178467,5549.31667031345,-31.6719734817325,2420.97207978018,23.9987448783761,-142.614180005048,30,-50,0,0,-126.839173325653,0,1.32067710573258,
321,1600,66.6852289467724,5522.26970232356,-29.1710237251231,2438.6464390371,23.7535415083646,-142.640035339436,30,-50,0,0,-127.013878121669,0,1.32115830289515,
322,1605,66.5456618803022,5494.93236861862,-26.6191607963198,2456.29323156547,23.50940825925,-142.66420485799,30,-50,0,0,-127.176336716268,0,1.32160490365971,
323,1610,66.4188749920661,5467.35446221044,-24.0676717782142,2473.90737392701,23.266362630051,-142.686677919429,30,-50,0,0,-127.327259438709,0,1.32201720679688,
324,1615,66.3047387045575,5439.58650641277,-21.5674841534897,2491.48230354991,23.0244224975434,-142.707457358052,30,-50,0,0,-127.467353525945,0,1.32239673099012,
325,1620,66.2028716517901,5411.67879152805,-19.1681757889434,2509.01269687159,22.7836078263883,-142.726556710179,30,-50,0,0,-127.597346993674,0,1.32274486048093,
326,1625,66.1126506002173,5383.68014184916,-16.9167332271066,2526.49410014185,22.5439306633882,-142.743983539452,30,-50,0,0,-127.717938308713,0,1.3230643079117,
327,1630,66.0332262802897,5355.63668803928,-14.8564072848536,2543.9222060894,22.3054007773006,-142.759749257509,30,-50,0,0,-127.829736836464,0,1.32335737194417,
328,1635,65.9635436740406,5327.59131120632,-13.026091380979,2561.29330528011,22.0680324858231,-142.773868785114,30,-50,0,0,-127.933469068439,0,1.32362687097417,
329,1640,65.9023685201202,5299.58116247367,-11.4585136534882,2578.60378778289,21.8318345481649,-142.786362908607,30,-50,0,0,-128.029587363737,0,1.32387607220999,
330,1645,65.8483156866962,5271.63933508991,-10.1811966802446,2595.85100632408,21.5968110380563,-142.7972443716,30,-50,0,0,-128.118730200131,0,1.32410973646542,
331,1650,65.7998787270216,5243.79281414429,-9.21509014905257,2613.03209822777,21.3629698469859,-142.806535025209,30,-50,0,0,-128.201178150231,0,1.32431851156458,
332,1655,65.7554629904227,5216.0625241139,-8.57464559595826,2630.14478676388,21.1303158207881,-142.814258387578,30,-50,0,0,-128.277403113208,0,1.32454123922412,
333,1660,65.7134180684062,5188.46274078264,-8.26736610780495,2647.18724127372,20.8988511488289,-142.820432346469,30,-50,0,0,-128.347627929025,0,1.32474834572745,
334,1665,65.6720721969139,5161.00184266866,-8.29467799745123,2664.15747030709,20.6685796918663,-142.825089373671,30,-50,0,0,-128.412054519063,0,1.32495592085085,
335,1670,65.6297622721922,5133.68182691023,-8.65164242224319,2681.05462377862,20.4395043433927,-142.828235509462,30,-50,0,0,-128.470762627169,0,1.3251668166311,
336,1675,65.5848645630963,5106.49878876333,-9.32750157087071,2697.87591450413,20.2116261526163,-142.829903984675,30,-50,0,0,-128.523822237241,0,1.3253858220521,
337,1680,65.53582294368,5079.44314782406,-10.3060667340503,2714.62093766222,19.984949556606,-142.830108373948,30,-50,0,0,-128.571140759315,0,1.32561630803131,
338,1685,65.4811746936515,5052.50009399997,-11.56624869847,2731.28757538987,19.7594744488247,-142.828869832349,30,-50,0,0,-128.612561138574,0,1.3258618641271,
339,1690,65.4195735508455,5025.65021080039,-13.0826916613181,2747.87472685733,19.5352046183043,-142.826202789594,30,-50,0,0,-128.647995279728,0,1.32612571741871,
340,1695,65.3498099814039,4998.8694295476,-14.8260322143548,2764.38056300908,19.3121464689812,-142.822126316859,30,-50,0,0,-128.677143040603,0,1.32641036203647,
341,1700,65.2708292829227,4972.13026305454,-16.7639326346537,2780.80349790353,19.0903047151704,-142.816657447286,30,-50,0,0,-128.699641006275,0,1.32671994222149,
342,1705,65.1817453221092,4945.40187393715,-18.8613517645525,2797.14198351782,18.869682884381,-142.809800176797,30,-50,0,0,-128.715220752978,0,1.32705448597751,
343,1710,65.0818523341436,4918.65082235179,-21.0812912935738,2813.39363388516,18.6502934862375,-142.80157246671,30,-50,0,0,-128.723333542806,0,1.32741675159669,
344,1715,64.9706335078152,4891.8414830203,-23.3852696366627,2829.55652377868,18.4321432169635,-142.791981005927,30,-50,0,0,-128.72369748621,0,1.32780682918433,
345,1720,64.8477666488579,4864.93674327701,-25.7340209222838,2845.62836884317,18.2152455386107,-142.78102708569,30,-50,0,0,-128.715732064903,0,1.32822520502599,
346,1725,64.7131267416701,4837.89849983787,-28.0880299144631,2861.60602193291,17.9996111960579,-142.768718974463,30,-50,0,0,-128.698936218973,0,1.3286716604875,
347,1730,64.5667865945771,4810.68797792598,-30.4079434734815,2877.48713595994,17.7852582899649,-142.755058718813,30,-50,0,0,-128.672839785885,0,1.32914660726983,
348,1735,64.409011495756,4783.26731816986,-32.6557278091928,2893.26837607345,17.5722005286093,-142.74004297153,30,-50,0,0,-128.636994909783,0,1.32964696641896,
349,1740,64.2402558803186,4755.59858621944,-34.7943444290718,2908.94640230983,17.3604600884411,-142.723678568705,30,-50,0,0,-128.590748678171,0,1.33017326495101,
350,1745,64.0611537124505,4727.64546475286,-36.7889651654089,2924.51801991754,17.1500586273572,-142.705953235477,30,-50,0,0,-128.533496993533,0,1.3307226290618,
351,1750,63.8725068812799,4699.37351364625,-38.6073508373428,2939.97869699219,16.9410166417709,-142.686862877986,30,-50,0,0,-128.464990339275,0,1.33129246317439,
352,1755,63.6752705930062,4670.75088794513,-40.2205020043464,2955.32465476543,16.7333632987432,-142.666407543084,30,-50,0,0,-128.384684198552,0,1.33188202760226,
353,1760,63.4705357843302,4641.74892021304,-41.6032366558781,2970.55176536247,16.5271235590153,-142.644579409141,30,-50,0,0,-128.292032389498,0,1.33248700072077,
354,1765,63.2595085931849,4612.34274686494,-42.7347433191787,2985.65569629106,16.3223250460684,-142.621364269801,30,-50,0,0,-128.186613397909,0,1.33310507915406,
355,1770,63.0434871476451,4582.51189834002,-43.5991201897679,3000.63147866264,16.1190025003906,-142.596753793848,30,-50,0,0,-128.068187916908,0,1.33373360573932,
356,1775,62.8238358898396,4552.2408562503,-44.1858129788796,3015.47403179016,15.9171836720747,-142.57075149526,30,-50,0,0,-127.936529166622,0,1.33436947033398,
357,1780,62.6019577179765,4521.51952140669,-44.490053381205,3030.17972965793,15.716903130682,-142.543332882265,30,-50,0,0,-127.791221654777,0,1.33501001200048,
358,1785,62.3792630560407,4490.34450190536,-44.5136094782741,3044.74240123161,15.5181964772537,-142.51450235285,30,-50,0,0,-127.632180499497,0,1.33565238170236,
359,1790,62.1571421786947,4458.71579056974,-44.2628196050104,3059.15789556879,15.3210959098424,-142.484245178964,30,-50,0,0,-127.459458759819,0,1.33629491720598,
360,1795,61.9369339551395,4426.64227664987,-43.7518471491508,3073.42099887824,15.1256385771497,-142.45256099728,30,-50,0,0,-127.272981896608,0,1.33693424894204,
361,1800,61.7198927156487,4394.13812830227,-43.0003022372615,3087.52713444773,14.931856354255,-142.419436297819,30,-50,0,0,-127.072841873224,0,1.33757318575176,
362,1805,61.5071604578979,4361.223419201,-42.0334137041195,3101.47125859969,14.7397876373714,-142.384878079906,30,-50,0,0,-126.858759644628,0,1.33819780970533,
363,1810,61.2997401507515,4327.92375545393,-40.8814583224415,3115.24924662509,14.5494626647213,-142.348879752976,30,-50,0,0,-126.631707318043,0,1.33881836329253,
364,1815,61.098472102412,4294.26969636487,-39.5790709307069,3128.856721208,14.3609139580789,-142.31143848063,30,-50,0,0,-126.391770217811,0,1.33942928457053,
365,1820,60.9040145752048,4260.29590598218,-38.1642663742737,3142.28939959865,14.1741749428421,-142.272559498939,30,-50,0,0,-126.139386820196,0,1.34002981021625,
366,1825,60.7168290166352,4226.04041510181,-36.6775780880834,3155.54349870017,13.9892757322682,-142.232257458583,30,-50,0,0,-125.874789530712,0,1.34061992198925,
367,1830,60.5371703843791,4191.54355211586,-35.1608695648888,3168.61617396697,13.8062417621721,-142.190523303959,30,-50,0,0,-125.598660170346,0,1.34119809299766,
368,1835,60.3650834257482,4156.84678480612,-33.6561706272471,3181.50336620291,13.6251003039245,-142.147379260572,30,-50,0,0,-125.311381415574,0,1.34174416972761,
369,1840,60.2004045301946,4121.99203643778,-32.2047264410465,3194.20301884588,13.4458755801148,-142.102836465563,30,-50,0,0,-125.013383240537,0,1.34232173398985,
370,1845,60.0427684229538,4087.01962232886,-30.8454349422952,3206.71258330073,13.2685879111045,-142.056904211473,30,-50,0,0,-124.705422650099,0,1.3428691911643,
371,1850,59.8916224155612,4051.96856585139,-29.6145623541667,3219.02973731946,13.0932578345799,-142.009604570479,30,-50,0,0,-124.387796230524,0,1.3434072538832,
372,1855,59.7462415894242,4016.87489847385,-28.5444914766975,3231.15301228087,12.9199032549807,-141.960952263998,30,-50,0,0,-124.060978851237,0,1.3439386161489,
373,1860,59.6057506214734,3981.77086121127,-27.6628596784864,3243.08068010652,12.7485371563132,-141.910966343984,30,-50,0,0,-123.725529145433,0,1.34446543451611,
374,1865,59.4691486685574,3946.68440252188,-26.9921954386689,3254.81174405682,12.5791767901004,-141.859673728372,30,-50,0,0,-123.381444449585,0,1.34498742532396,
375,1870,59.3353360933689,3911.63854474922,-26.5494588001019,3266.34536021291,12.4118318652152,-141.807086703984,30,-50,0,0,-123.029180697889,0,1.34550942581348,
376,1875,59.2031427826388,3876.65117215995,-26.3458560975557,3277.68038643766,12.2465138569403,-141.753239970708,30,-50,0,0,-122.6690258308,0,1.34603095872844,
377,1880,59.0713557971669,3841.73407854788,-26.3874482616123,3288.81700931356,12.0832341678027,-141.69815117592,30,-50,0,0,-122.300380440738,0,1.34636158814588,
378,1885,58.9387438172214,3806.88672617853,-26.6761642408588,3299.75430236905,11.9219999338293,-141.641844255994,30,-50,0,0,-121.924061406026,0,1.34630547747553,
379,1890,58.8040651972676,3772.10677394759,-27.2149007126106,3310.49213780832,11.762821868231,-141.584341290345,30,-50,0,0,-121.539676990696,0,1.34625809390449,
380,1895,58.6660725541189,3737.39017839811,-27.9996004214034,3321.02995355722,11.6057084599206,-141.525671923198,30,-50,0,0,-121.14734056035,0,1.34621706022461,
381,1900,58.5235720862877,3702.72923382746,-29.0150885792578,3331.36787589396,11.4506676142177,-141.46586133015,30,-50,0,0,-120.747088377529,0,1.34617901694815,
382,1905,58.3754573455835,3668.11136519374,-30.2416826315063,3341.50579430722,11.297711263637,-141.404930710689,30,-50,0,0,-120.337788316725,0,1.34614371991416,
383,1910,58.2207303633317,3633.51966250773,-31.6557952214387,3351.44298297903,11.1468495024614,-141.34290495522,30,-50,0,0,-119.918796155019,0,1.34610779026607,
384,1915,58.0585186590655,3598.93363832428,-33.2307110366935,3361.17911664744,10.9980924713723,-141.279808823731,30,-50,0,0,-119.490947677817,0,1.34562995113358,
385,1920,57.8880930348812,3564.32887353905,-34.93654969371,3370.7138554541,10.8514551006022,-141.215664812747,30,-50,0,0,-119.052507396091,0,1.34502592914854,
386,1925,57.7088761155568,3529.67896810448,-36.7419946911153,3380.04627840194,10.7069493376946,-141.150493196471,30,-50,0,0,-118.603182067069,0,1.34441054386851,
387,1930,57.520451476587,3494.95538508693,-38.6142862318313,3389.17559359319,10.5645923220036,-141.084316698523,30,-50,0,0,-118.14228310593,0,1.34378759768019,
388,1935,57.3225692294929,3460.12740548972,-40.5196931692269,3398.10068465028,10.4244017288878,-141.017154973666,30,-50,0,0,-117.668938034876,0,1.34315636990611,
389,1940,57.1151453079181,3425.16595362173,-42.4257115465642,3406.82018830257,10.2863964963774,-140.94903398044,30,-50,0,0,-117.18252595788,0,1.34252076718468,
390,1945,56.8982596478462,3390.03959815627,-44.2993783865061,3415.33300550758,10.1506007934315,-140.879974920922,30,-50,0,0,-116.682077056703,0,1.34188351289124,
391,1950,56.6721527329013,3354.71832509508,-46.1095402579554,3423.63724926344,10.0170360327243,-140.809989601828,30,-50,0,0,-116.166814278655,0,1.34124816106394,
392,1955,56.4372158638863,3319.17347254476,-47.8271140104276,3431.73070381353,9.88572891801282,-140.739105992397,30,-50,0,0,-115.636110500167,0,1.34061934030984,
393,1960,56.1939796036631,3283.37825298746,-49.4255845609464,3439.61163777324,9.75670510752178,-140.667345144064,30,-50,0,0,-115.0885189582,0,1.33999898130203,
394,1965,55.9430991788795,3247.30850244829,-50.8816911700009,3447.27797695267,9.62999480806113,-140.594728567623,30,-50,0,0,-114.524175531597,0,1.33939246133875,
395,1970,55.6853389103394,3210.94202293122,-52.1751680520681,3454.72723532899,9.50562807171407,-140.52127310582,30,-50,0,0,-113.941835515547,0,1.33880219754866,
396,1975,55.4215481129484,3174.26295045198,-53.292336558761,3461.95664420767,9.38363631613845,-140.447004896234,30,-50,0,0,-113.340663499536,0,1.33823111958339,
397,1980,55.1526380532458,3137.2555040556,-54.2221578465826,3468.9638431177,9.26405252503241,-140.371951777054,30,-50,0,0,-112.720441814851,0,1.33768455008149,
398,1985,54.8795612651836,3099.90960414517,-54.9591749141557,3475.74639892765,9.14691063625794,-140.296134026745,30,-50,0,0,-112.080239056963,0,1.33716247052405,
399,1990,54.6032844438255,3062.22028276857,-55.5031668941785,3482.30131732669,9.03224365106755,-140.219577762753,30,-50,0,0,-111.419624533133,0,1.33667425130498,
400,1995,54.3247625536285,3024.18793878406,-55.8590198063098,3488.62601227869,8.9200875241891,-140.142318351459,30,-50,0,0,-110.73787754852,0,1.33621670493348,
401,2000,54.0449162757862,2985.81664326984,-56.0352703900379,3494.71812895716,8.81047327994943,-140.064378386098,30,-50,0,0,-110.035659608836,0,1.33579442336078,
402,2005,53.7646146497298,2947.11457576842,-56.0440826930642,3500.57500374709,8.70343458330215,-139.985793828224,30,-50,0,0,-109.311461945491,0,1.33540488146441,
403,2010,53.4846570511898,2908.09386016345,-55.9011058804125,3506.19447034519,8.59900470463604,-139.90660121187,30,-50,0,0,-108.565632034898,0,1.33500595516643,
404,2015,53.205756480732,2868.7704666889,-55.6251773876539,3511.57439608652,8.49721283448601,-139.826831312635,30,-50,0,0,-107.797756264828,0,1.33459018327689,
405,2020,52.9285248233629,2829.16383468797,-55.2378281939684,3516.71267329553,8.39808981182112,-139.746527021017,30,-50,0,0,-107.007735801886,0,1.33420166479295,
406,2025,52.6534604769964,2789.29612957756,-54.7625780451431,3521.60769582874,8.30166186722859,-139.665726057021,30,-50,0,0,-106.195270453627,0,1.33372767477713,
407,2030,52.3809397049034,2749.19354683421,-54.2253899794182,3526.25796662211,8.20795480737127,-139.584466172167,30,-50,0,0,-105.360712416849,0,1.33328888149569,
408,2035,52.1112062614365,2708.88308887519,-53.6524699338834,3530.66200028055,8.11699253442765,-139.502804658023,30,-50,0,0,-104.503836006827,0,1.33285188175568,
409,2040,51.8443718932411,2668.39362845436,-53.0705102191232,3534.81955244665,8.02879536326664,-139.420775791606,30,-50,0,0,-103.624419544751,0,1.33242081619117,
410,2045,51.5804154950473,2627.75493306905,-52.5058576425504,3538.72939857127,7.94338017228286,-139.338430040127,30,-50,0,0,-102.722634302345,0,1.33199893884526,
411,2050,51.3191865836205,2586.99694935181,-51.9837879615282,3542.39151672509,7.86076361763749,-139.255820088178,30,-50,0,0,-101.798512204615,0,1.33159380307787,
412,2055,51.0604129491718,2546.14903821437,-51.527629772056,3545.80599231421,7.78095872318627,-139.172996848757,30,-50,0,0,-100.852021137165,0,1.33120596993914,
413,2060,50.8037112917798,2505.23936985906,-51.1583886447156,3548.97312757342,7.70397419881091,-139.090004478755,30,-50,0,0,-99.8831145121437,0,1.33084162213099,
414,2065,50.5486012164857,2464.29416781345,-50.8940010445604,3551.89324274868,7.62981810505119,-139.006901978702,30,-50,0,0,-98.8914430416827,0,1.33050443715365,
415,2070,50.2945184427723,2423.33806229674,-50.7495155250688,3554.56750209695,7.55849641740411,-138.923749393876,30,-50,0,0,-97.8769945312048,0,1.33019909712276,
416,2075,50.0408348421538,2382.39234523577,-50.7359053534984,3556.99729233771,7.49000990060485,-138.840589154403,30,-50,0,0,-96.839581782032,0,1.32992960803623,
417,2080,49.7868761954997,2341.47563110217,-50.8605030907547,3559.18352820115,7.42435926348877,-138.757484807693,30,-50,0,0,-95.7786760763785,0,1.32970039847892,
418,2085,49.5319404623173,2300.60363438245,-51.1270165118957,3561.12824260633,7.36154386772694,-138.674495319359,30,-50,0,0,-94.694061194104,0,1.32951383415498,
419,2090,49.2753183615673,2259.78800476893,-51.5345285746924,3562.83332287912,7.30155907865377,-138.591672292375,30,-50,0,0,-93.5851256624531,0,1.32937824869865,
420,2095,49.0163168658074,2219.03631519206,-52.0775664261297,3564.30063097403,7.2444001821568,-138.509079264411,30,-50,0,0,-92.4512455168504,0,1.32929338295118,
421,2100,48.7542801203355,2178.35244375585,-52.7468264249175,3565.53264630332,7.19006068282182,-138.426772425519,30,-50,0,0,-91.2915475108587,0,1.32926427812008,
422,2105,48.4886079208003,2137.73698091411,-53.5294447440139,3566.53161125244,7.1385324715213,-138.344807990674,30,-50,0,0,-90.105189076554,0,1.32929869826213,
423,2110,48.2187718815077,2097.1875963697,-54.4096898303779,3567.29990918071,7.08980745904289,-138.263251289275,30,-50,0,0,-88.8907901282678,0,1.32939717812296,
424,2115,47.9443277339553,2056.69968951435,-55.3697577799641,3567.84037759592,7.04387627307933,-138.182168432776,30,-50,0,0,-87.6475600410741,0,1.32956559499952,
425,2120,47.6649227034608,2016.26776836832,-56.3909691696913,3568.15599661167,7.00072748806757,-138.101608414837,30,-50,0,0,-86.3745519158486,0,1.32980652331244,
426,2125,47.3803041590946,1975.882865686,-57.4521028878227,3568.24904601109,6.9603502823485,-138.021643765563,30,-50,0,0,-85.0695169253381,0,1.33012843420848,
427,2130,47.090321756972,1935.53805598512,-58.5335701033767,3568.12294594485,6.92273351244947,-137.942331859843,30,-50,0,0,-83.7314947778992,0,1.33053190652988,
428,2135,46.79492250646,1895.22599234924,-59.6161192976881,3567.7803513464,6.88786273610238,-137.863746912422,30,-50,0,0,-82.3584823031547,0,1.3310277915326,
429,2140,46.4941468122266,1854.94027480256,-60.6817807898761,3567.22508800069,6.8557243746134,-137.785949970985,30,-50,0,0,-80.9493621951626,0,1.33161607776348,
430,2145,46.1881198596423,1814.67631533169,-61.7146905760233,3566.46021012449,6.82630278194469,-137.709011860902,30,-50,0,0,-79.5020544001185,0,1.33230412589326,
431,2150,45.8770400298294,1774.43171223085,-62.7015355962048,3565.48946059128,6.79957979797055,-137.633002679709,30,-50,0,0,-78.0150560014063,0,1.33309683828306,
432,2155,45.561164631377,1734.20708431758,-63.6321645368433,3564.31678150653,6.77553676065591,-137.55799260086,30,-50,0,0,-76.4857578667548,0,1.33400058133509,
433,2160,45.2407924303114,1694.00648282896,-64.500122176635,3562.94615901292,6.75415196841701,-137.484055453355,30,-50,0,0,-74.9130912823664,0,1.33502584371784,
434,2165,44.9162455137717,1653.83766992177,-65.3025936136012,3561.38205572012,6.73539887839335,-137.411260581971,30,-50,0,0,-73.2946345178056,0,1.33617526134725,
435,2170,44.5878495061947,1614.10628129398,-65.8857354354558,3559.62918664363,6.71925178158655,-137.339689340074,30,-50,0,0,-71.62258888216,0,1.33746758408543,
436,2175,44.2590168432882,1576.30673338461,-65.6545657881906,3557.69277823129,6.70570025999861,-137.269340169946,30,-50,0,0,-69.8715927714618,0,1.33877018627342,
437,2180,43.9311497287042,1538.47330772102,-65.516204449136,3555.57244892629,6.69471748958946,-137.200257672169,30,-50,0,0,-68.0757979632941,0,1.34023564113233,
438,2185,43.6035599197298,1500.66186480883,-65.5558013167788,3553.27176440113,6.68625923423663,-137.132527133756,30,-50,0,0,-66.2361222045509,0,1.34184632661125,
439,2190,43.275197025001,1462.91234799548,-65.8332206783384,3550.79803864376,6.68027138194158,-137.06623926751,30,-50,0,0,-64.3530599043245,0,1.34360786654056,
440,2195,42.9447742386674,1425.24914172035,-66.3834515086513,3548.15983971628,6.67669280806437,-137.001473152357,30,-50,0,0,-62.4259432305347,0,1.34553545641911,
441,2200,42.6108874714756,1387.6821398144,-67.2189062219425,3545.36587773883,6.6754573099882,-136.938312430873,30,-50,0,0,-60.4533287958663,0,1.34763419113866,
442,2205,42.2721223884421,1350.20871016896,-68.331807459273,3542.42561025646,6.67649358959189,-136.876833606002,30,-50,0,0,-58.4330352671115,0,1.34991049887185,
443,2210,41.9271476564053,1312.81571150395,-69.697341571333,3539.34867979662,6.67972475407186,-136.817120460808,30,-50,0,0,-56.3622723873233,0,1.35237976130042,
444,2215,41.5747910849899,1275.48239541261,-71.277367990109,3536.1456673997,6.68507401257145,-136.759250527131,30,-50,0,0,-54.2369614907012,0,1.35506997791285,
445,2220,41.2140969107207,1238.18344657066,-73.0239994081235,3532.82687160126,6.69245799116848,-136.703305071662,30,-50,0,0,-52.0519166445032,0,1.35799897600652,
446,2225,40.844367928951,1200.8913821429,-74.8821720476278,3529.40346300153,6.70179197615064,-136.649361859269,30,-50,0,0,-49.8015144143934,0,1.36116702026201,
447,2230,40.4651924160644,1163.5795531205,-76.793298278649,3525.88661481494,6.71298734162878,-136.597497042436,30,-50,0,0,-47.479300261723,0,1.36459406335723,
448,2235,40.0764567914158,1126.22359381055,-78.6969412361237,3522.28785570382,6.72595231003191,-136.547795775419,30,-50,0,0,-45.0776750768028,0,1.48428576507263,
449,2240,39.6783472852511,1088.80747419743,-80.5347595347569,3518.61950269531,6.74058987384178,-136.500331900354,30,-50,0,0,-42.5884773049651,0,1.48123810078454,
450,2245,39.2713254866488,1051.32688427089,-82.2545118855978,3514.8939036759,6.75679952541104,-136.455179216821,30,-50,0,0,-40.0022299370893,0,1.47661806478249,
451,2250,38.856109963838,1013.78694833126,-83.8054578462542,3511.12380678422,6.77447461241997,-136.412422658868,30,-50,0,0,-37.309308716652,0,1.47037853768604,
452,2255,38.4336632208982,976.206470446421,-85.1411928041869,3507.32315772278,6.79350274078493,-136.372127488246,30,-50,0,0,-34.4986638293917,0,1.46251565917583,
453,2260,38.0051671358189,938.621707355146,-86.2198171960523,3503.50560241217,6.81376628100419,-136.334369047901,30,-50,0,0,-31.558631553674,0,1.4530833083155,
454,2265,37.5720245606881,901.089654155796,-86.9870235483972,3499.68585007949,6.83513939577909,-136.299212066343,30,-50,0,0,-28.4752380543638,0,1.44223676476318,
455,2270,37.1361839628657,863.686175876535,-87.3188094047963,3495.87899555903,6.85749440865385,-136.266727870071,30,-50,0,0,-25.2281158085826,0,1.43021137817351,
456,2275,36.6988242919827,826.537994285149,-87.6645892036573,3492.10069443567,6.88068912004822,-136.236953522756,30,-50,0,0,-21.8353403262606,0,1.4174354349779,
457,2280,36.2592876804061,789.834108446226,-88.209226816469,3488.36651652094,6.90455782461798,-136.209928844103,30,-50,0,0,-18.2995199517413,0,1.40445243996513,
458,2285,35.8158524678899,755.81096191132,-89.1924574639525,3484.6945980376,6.92895922768069,-136.185630311888,30,-50,0,0,-14.6155182191718,0,1.3924572697541,
459,2290,35.3672104410948,722.235894497809,-90.3191924428573,3481.09771473119,6.95376715459302,-136.164028304251,30,-50,0,0,-10.7782763100022,0,1.38148489054818,
460,2295,34.9124096304951,689.342197920639,-91.6485627452776,3477.58690772275,6.97879681496919,-136.145110464203,30,-50,0,0,-6.78117222336194,0,1.3723465570257,
461,2300,34.4506912294086,657.436759743472,-93.1040289212971,3474.17999505457,7.00388213138835,-136.128867940242,30,-50,0,0,-2.60749993675444,0,1.36601544687526,
462,2305,33.9809948771,626.587087909485,-94.8058281976683,3470.89313769726,7.02885460783486,-136.115254970105,30,-50,0,0,1.7394634816451,0,1.36375478414926,
463,2310,33.5026668833541,596.717277761403,-96.5585579468089,3467.74106401538,7.05354546567827,-136.104222520689,30,-50,0,0,6.28399954269119,0,1.36988799894135,
464,2315,33.0154234927753,567.71797510712,-98.4052352028635,3464.73842737126,7.07778139326837,-136.095713075481,30,-50,0,0,11.0289127015425,0,1.37157659635476,
465,2320,32.5182629196346,539.623461906718,-100.561876548856,3461.89998190031,7.10138003573788,-136.089650406695,30,-50,0,0,15.958902251451,0,1.36798485338884,
466,2325,32.0092551136436,512.494634160418,-103.17051469209,3459.24054854846,7.12415891851279,-136.085922937763,30,-50,0,0,21.0624524659594,0,1.43636966320337,
467,2330,31.4858247643607,486.45652860903,-106.330424878833,3456.7733266969,7.14594534514315,-136.084407699247,30,-50,0,0,26.3287994213128,0,1.44283292783515,
468,2335,30.9456249700449,461.401022346029,-109.803279382371,3454.51001189705,7.1665731928899,-136.084947089801,30,-50,0,0,31.7783936389776,0,1.46220211071882,
469,2340,30.386236242665,437.131867403603,-114.180656213552,3452.46001666267,7.18588169089963,-136.087372088125,30,-50,0,0,37.3145938864786,0,1.4751421858144,
