step,time,alt,speed,hdot,range,az_err,lat,long,pitch,roll,unl_roll,roll_ref,l_d,drag,drag_ref,entry_phase,
1,0,121.860000000001,7815.70259813559,-114.608026163939,8561.26814531357,-10.8638077598391,58.4270653054131,6.67625787413414,38,0,0,0,0.24282881684528,0.00975634915982098,0,1,
2,2,121.630692587979,7815.96079680367,-114.69928288582,8561.26817999031,-10.8506773213628,58.5468954030757,6.53724020004012,38,0,0,0,0.241708864618454,0.00970821152660757,0,1,
3,4,121.401203378702,7816.2188019667,-114.789822848282,8545.97147921278,-10.8643505889818,58.6665985678189,6.39731585229941,38,0,0,0,0.24235631740899,0.00992258577484428,0,1,
4,6,121.17153380811,7816.47660168037,-114.879643578143,8530.67493168305,-10.8781159093206,58.7861735329318,6.25647737293826,38,0,0,0,0.243032040312706,0.0101423220792509,0,1,
5,8,120.941685319613,7816.73418349682,-114.968740177611,8515.37860075405,-10.8919524885321,58.9056233739742,6.11471636320272,38,0,0,0,0.243737257805164,0.0103677688312017,0,1,
6,10,120.711659364555,7816.99153360175,-115.057109516802,8500.08216071804,-10.9058841323473,59.0249412648965,5.97201966958272,38,0,0,0,0.244472532773513,0.0105993000548056,0,1,
7,12,120.481457401813,7817.24863816074,-115.144746938101,8484.78591450194,-10.9198837015931,59.1441278185783,5.8283796703555,38,0,0,0,0.24523922363342,0.0108372501447338,0,1,
8,14,120.251080899264,7817.50548175535,-115.231648274026,8469.48977384007,-10.9339689684252,59.2631799937722,5.68378624842944,38,0,0,0,0.246038345719801,0.011082011184907,0,1,
9,16,120.020531333876,7817.76204879116,-115.317808845354,8454.19385520198,-10.9481334801542,59.3820987563569,5.53822842401712,38,0,0,0,0.246870831907339,0.0113339343456462,0,1,
10,18,119.7898101933,7818.01832278149,-115.403222663563,8438.89791750943,-10.9623758829444,59.5008791763322,5.3916946614055,38,0,0,0,0.247738531150981,0.0115934396588967,0,1,
11,20,119.558918974587,7818.2742859115,-115.487885731214,8423.60218064017,-10.9767037229144,59.6195178386211,5.24417463233902,38,0,0,0,0.2486463328353,0.0118616832382123,0,1,
12,22,119.327859187606,7818.52991806582,-115.571789716934,8408.30678948852,-10.9911119925921,59.7380233979054,5.09566240010986,38,0,0,0,0.249597130832161,0.0121393303366614,0,1,
13,24,119.096632355848,7818.78519825605,-115.654929214769,8393.01108829244,-11.00560718646,59.8563809869034,4.94614158212562,38,0,0,0,0.25059217368659,0.0124267823103057,0,1,
14,26,118.865240016771,7819.04010465282,-115.737295599933,8377.71591771156,-11.0201868725927,59.9745950116063,4.79560386436401,38,0,0,0,0.251632384985425,0.0127244575592056,0,1,
15,28,118.633683723046,7819.29461394234,-115.818882528148,8362.42087879971,-11.0348490311963,60.0926642031764,4.64404043114808,38,0,0,0,0.252718969562205,0.0130328068635736,0,1,
16,30,118.401965042252,7819.54870288555,-115.899681188797,8347.12601423713,-11.0495944015543,60.2105855490711,4.49143601900005,38,0,0,0,0.25385291312637,0.0133522338949481,0,1,
17,32,118.170085560339,7819.80234778766,-115.979682099823,8331.83126077411,-11.064422697983,60.3283594319198,4.33778378342731,38,0,0,0,0.255035402304165,0.013683196603749,0,1,
18,34,117.938046880062,7820.05552238311,-116.058877635083,8316.5366113128,-11.0793376668243,60.4459789510292,4.18306699920743,38,0,0,0,0.256267869414981,0.014026094616499,0,1,
19,36,117.705850623162,7820.30820075174,-116.137256794883,8301.24226173643,-11.0943378396939,60.5634440316064,4.02727866101321,38,0,0,0,0.257550222012913,0.0143814132998231,0,1,
20,38,117.473498430612,7820.56035526366,-116.214811633388,8285.9482400968,-11.1094242440564,60.6807557562941,3.87040611868923,38,0,0,0,0.258884263664829,0.014749565466714,0,1,
21,40,117.240991962962,7820.81195842346,-116.291530037926,8270.65427046055,-11.1245991305128,60.7979105100471,3.71243769437262,38,0,0,0,0.260270312215704,0.015131045877132,0,1,
22,42,117.008332902758,7821.06298083976,-116.367402142549,8255.36048998938,-11.1398612203791,60.9149049513393,3.5533604826652,38,0,0,0,0.261709651132755,0.0155262525206346,0,1,
23,44,116.775522954382,7821.31339224837,-116.442415939119,8240.06696920312,-11.1552113278955,61.0317334424214,3.39316256471886,38,0,0,0,0.263202061548971,0.0159356917396713,0,1,
24,46,116.54256384619,7821.56316235258,-116.516559675293,8224.77399853508,-11.170647919234,61.1484024590371,3.23183283900283,38,0,0,0,0.264749009949124,0.016359792335562,0,1,
25,48,116.309457330897,7821.8122588466,-116.589820677825,8209.48095241807,-11.1861752691439,61.2649045723792,3.06935805288686,38,0,0,0,0.266350640624601,0.0167990162301766,0,1,
26,50,116.076205186619,7822.06064931428,-116.662186269211,8194.18821781106,-11.2017918366615,61.3812378362734,2.90572800192166,38,0,0,0,0.268007089167888,0.0172538600411893,0,1,
27,52,115.842809217544,7822.30829951681,-116.733642914082,8178.89587010804,-11.2174979948509,61.4974029709365,2.74092788820224,38,0,0,0,0.269718898284941,0.0177247232629724,0,1,
28,54,115.609271256362,7822.55517532671,-116.804175534247,8163.60360616102,-11.2332953417154,61.6133944117253,2.57494406369995,38,0,0,0,0.271486217908517,0.0182121179738601,0,1,
29,56,115.375593164936,7822.80124008395,-116.873770495582,8148.31165868387,-11.2491836850523,61.729208048943,2.407765860128,38,0,0,0,0.273308750017386,0.0187164981116624,0,1,
30,58,115.141776834942,7823.04645836534,-116.942411261453,8133.02026162874,-11.2651623745911,61.844846568666,2.23937799899528,38,0,0,0,0.275186962668688,0.0192383150663272,0,1,
31,60,114.907824188909,7823.29079178426,-117.010083393201,8117.7289526894,-11.2812339110237,61.960305907284,2.06976958875009,38,0,0,0,0.27712019559741,0.019777976427004,0,1,
32,62,114.673737181443,7823.53420190817,-117.076769790481,8102.43796122051,-11.2973985456769,62.0755841780284,1.89892845921111,38,0,0,0,0.27910840263034,0.0203360027492313,0,1,
33,64,114.439517801269,7823.77664889943,-117.142452606617,8087.14730303376,-11.3136572310948,62.1906759431024,1.72683687070514,38,0,0,0,0.281152208628184,0.020913181371004,0,1,
34,66,114.205168074243,7824.01809152334,-117.207113089268,8071.8570578195,-11.33000865698,62.3055811371818,1.55348333619611,38,0,0,0,0.283252999846959,0.0215105617627924,0,1,
35,68,113.970690063883,7824.25848538436,-117.270732168254,8056.56713385394,-11.3464574519278,62.420297856623,1.3788540689402,38,0,0,0,0.285412378007397,0.0221292068156631,0,1,
36,70,113.736085873837,7824.49778447578,-117.333289075977,8041.27749708995,-11.3630026754025,62.5348220260136,1.20293627207826,38,0,0,0,0.287630997182412,0.0227701123245482,0,1,
37,72,113.501357650506,7824.73594077958,-117.394761176066,8025.98831854532,-11.3796428419468,62.6491538281851,1.02571489099648,38,0,0,0,0.289909936883816,0.0234343513461283,0,1,
38,74,113.266507586324,7824.97290368305,-117.455125501247,8010.69936521248,-11.3963800698634,62.7632852444071,0.847174740688843,38,0,0,0,0.292249601987279,0.024122885214522,0,1,
39,76,113.031537922704,7825.20862193032,-117.514356023628,7995.41102087537,-11.4132130927841,62.8772201106246,0.667302964375949,38,0,0,0,0.294651160944974,0.0248367233557516,0,1,
40,78,112.796450951717,7825.44304047694,-117.572427986803,7980.12286767125,-11.4301442475732,62.9909505404603,0.486082460184662,38,0,0,0,0.297114235678821,0.0255768193879803,0,1,
41,80,112.561249018523,7825.67610322913,-117.629312835223,7964.83521224735,-11.4471747656229,63.1044762185548,0.303500594417528,38,0,0,0,0.299639361942323,0.0263441330811244,0,1,
42,82,112.325934525725,7825.90775197995,-117.684982539464,7949.54796411588,-11.4643022785421,63.2177930516781,0.119541246368783,38,0,0,0,0.302225829985889,0.0271395600945796,0,1,
43,84,112.090509933314,7826.13792697133,-117.739406381505,7934.26118755588,-11.4815328295269,63.3309025400975,-0.065806543660301,38,0,0,0,0.304873824559016,0.0279639862166713,0,1,
44,86,111.854977764704,7826.3665659651,-117.792553013369,7918.97472852318,-11.4988620729766,63.4437949237608,-0.252565170192213,38,0,0,0,0.307582263914915,0.028818245547046,0,1,
45,88,111.619340606662,7826.59360589026,-117.844389938551,7903.68884200634,-11.5162883288901,63.5564695366089,-0.440744931008453,38,0,0,0,0.31035037240265,0.0297030873479119,0,1,
46,90,111.383601111139,7826.81898118203,-117.894883974421,7888.40356394901,-11.5338152576373,63.6689281143009,-0.630363033887079,38,0,0,0,0.313176909140466,0.0306193224514904,0,1,
47,92,111.147761999343,7827.0426256106,-117.943999625244,7873.11850236241,-11.5514450092425,63.7811622653682,-0.821434276406023,38,0,0,0,0.316060620468384,0.0315675578374521,0,1,
48,94,110.911826064913,7827.26447050978,-117.991699743362,7857.83410027999,-11.5691753108784,63.8931735473113,-1.01397585253847,38,0,0,0,0.31899992576062,0.0325484806239038,0,1,
49,96,110.67579617596,7827.484447547,-118.037947159,7842.54998742704,-11.587009754158,64.0049515374712,-1.20800362802709,38,0,0,0,0.321992772753452,0.0335625913377276,0,1,
50,98,110.439675276657,7827.70248591851,-118.082702883768,7827.2667165311,-11.6049454956419,64.1165016540814,-1.40353339523125,38,0,0,0,0.325037274476018,0.0346103631039534,0,1,
51,100,110.203466389617,7827.91851459069,-118.12592761224,7811.98369795062,-11.6229872091834,64.2278152738548,-1.60058149275022,38,0,0,0,0.328130836286673,0.0356921285356131,0,1,
52,102,109.967172617109,7828.13246108104,-118.167580795451,7796.70134080102,-11.6411327618482,64.3388898533495,-1.79916440874513,38,0,0,0,0.331271224068471,0.0368082704159062,0,1,
53,104,109.730797143084,7828.34425288803,-118.207621590284,7781.41961141897,-11.6593848336591,64.4497246783225,-1.99929961899613,38,0,0,0,0.334455477645108,0.0379588815711526,0,1,
54,106,109.49434323557,7828.55381712405,-118.246006421062,7766.1383132876,-11.6777417241447,64.56031493651,-2.20100296662395,38,0,0,0,0.337682885341614,0.0391446396140234,0,1,
55,108,109.257814250116,7828.76107701879,-118.282690880233,7750.85760622917,-11.6962066997594,64.670656054503,-2.40429353103582,38,0,0,0,0.340955294118397,0.0403674553002362,0,1,
56,110,109.021213634561,7828.96595282644,-118.31762771501,7735.57751514621,-11.7147769736834,64.7807450807054,-2.60918611694592,38,0,0,0,0.344274731429025,0.0416292427765482,0,1,
57,112,108.784544933218,7829.16836073874,-118.350766887213,7720.29810976585,-11.7334569941684,64.8905810934069,-2.81569954361242,38,0,0,0,0.347642680239677,0.0429319258962484,0,1,
58,114,108.547811794908,7829.36821214275,-118.382054638496,7705.0191734112,-11.7522487918395,65.0001572620053,-3.02385155353807,38,0,0,0,0.351060843166283,0.0442774349477466,0,1,
59,116,108.311017977892,7829.56541542619,-118.411435180322,7689.74094640716,-11.7711452310377,65.10947057622,-3.23365936665368,38,0,0,0,0.354530262935546,0.0456675950607163,0,1,
60,118,108.074167356002,7829.75987492937,-118.438848291388,7674.46342197195,-11.7901519923514,65.2185178640138,-3.44514165675508,38,0,0,0,0.358052079870988,0.0471042004023071,0,1,
61,120,107.837263925648,7829.95149121998,-118.46423184163,7659.18655452335,-11.809274083518,65.3272963074975,-3.65831541032742,38,0,0,0,0.361626710836809,0.0485889948589215,0,1,
62,122,107.600311811276,7830.14016086824,-118.487520253855,7643.91033893607,-11.8285003309578,65.4357986079164,-3.87320020533969,38,0,0,0,0.365254845240166,0.0501238574029712,0,1,
63,124,107.363315270817,7830.32577717969,-118.508644739471,7628.63498547001,-11.847835363268,65.5440293852157,-4.08981285253788,38,0,0,0,0.368936628038313,0.0517103996866063,0,1,
64,126,107.126278703983,7830.50823004282,-118.527533227537,7613.35999175344,-11.8672932591945,65.6519736545034,-4.30817306854129,38,0,0,0,0.372672116038885,0.0533502281985425,0,1,
65,128,106.889206658258,7830.68740593325,-118.544109577576,7598.08609098456,-11.886888367521,65.759635989339,-4.52829941679141,38,0,0,0,0.376461606371271,0.055045080945252,0,1,
66,130,106.652103835537,7830.86318795688,-118.55829555134,7582.81272737861,-11.906569633869,65.8670069631689,-4.75021193927017,38,0,0,0,0.38030433314481,0.0567964034793491,0,1,
67,132,106.414975097461,7831.03545504479,-118.570009871925,7567.54024413917,-11.9263569113299,65.9740853072163,-4.97392782908895,38,0,0,0,0.384199633273879,0.0586058251696908,0,1,
68,134,106.177825472442,7831.20408398158,-118.579166489172,7552.26853798138,-11.9462730753889,66.0808691176709,-5.19946703637311,38,0,0,0,0.388147081667938,0.0604751035299155,0,1,
69,136,105.94066016269,7831.36894762627,-118.585677994953,7536.9974533794,-11.9663057989009,66.1873454136922,-5.42685007020839,38,0,0,0,0.392146514535089,0.0624048803047144,0,1,
70,138,105.703484550131,7831.52991632319,-118.589452386283,7521.72755155303,-11.9864668057578,66.2935219544863,-5.65609426837784,38,0,0,0,0.396196185715914,0.0643974679541539,0,1,
71,140,105.466304202953,7831.68685678119,-118.590394841869,7506.45813454042,-12.0067364939376,66.3993854378429,-5.88722122565548,38,0,0,0,0.400295210906825,0.0664538872124246,0,1,
72,142,105.229124882436,7831.83963328968,-118.588407388436,7491.18974591184,-12.0271224519086,66.5049361511601,-6.12024982623711,38,0,0,0,0.404442426298314,0.0685755539432891,0,1,
73,144,104.991952551072,7831.98810657323,-118.583386489089,7475.92213221812,-12.0476354529199,66.6101679816351,-6.35520042404681,38,0,0,0,0.408636688345267,0.0707637358987752,0,1,
74,146,104.754793379274,7832.1321355974,-118.575228632126,7460.65540881994,-12.0682599258004,66.7150732522387,-6.59209372055847,38,0,0,0,0.412875523010273,0.0730194286165893,0,1,
75,148,104.517653746813,7832.27157865559,-118.563827614118,7445.38977800895,-12.0890047098769,66.819654092631,-6.83094883089842,38,0,0,0,0.417152656586217,0.0753430832842482,0,1,
76,150,104.28054024903,7832.4062909803,-118.549073459496,7430.12486839696,-12.1098742238026,66.9238983604607,-7.07178708731425,38,0,0,0,0.421474607836982,0.0777347352686702,0,1,
77,152,104.04345970872,7832.5361191172,-118.530847623954,7414.86114689798,-12.1308697139395,67.0278077582915,-7.31462862670497,38,0,0,0,0.425841312348726,0.0802026828931384,0,1,
78,154,103.806419192553,7832.66089959553,-118.509025609888,7399.59823806093,-12.1519940344265,67.1313763945459,-7.55949444764025,38,0,0,0,0.430257501456503,0.0827501999623594,0,1,
79,156,103.569426026803,7832.78046045666,-118.483471668269,7384.33622270382,-12.1732415573134,67.2345939143237,-7.80640517156991,38,0,0,0,0.434725707062837,0.0853817353107542,0,1,
80,158,103.332487815875,7832.8946196468,-118.454044056407,7369.07547235796,-12.1946101070256,67.33746213417,-8.05538141973631,38,0,0,0,0.43924771150579,0.088101828063532,0,1,
81,160,103.095612456901,7833.00318708641,-118.420591443105,7353.81559526907,-12.2161150881701,67.4399726032036,-8.3064446624453,38,0,0,0,0.443825018002765,0.0909145873523079,0,1,
82,162,102.858808158669,7833.10596240945,-118.382952878583,7338.55681265086,-12.2377494894649,67.5421191771997,-8.55961562237428,38,0,0,0,0.448457449052436,0.0938247417839854,0,1,
83,164,102.622083460476,7833.20273715282,-118.340960002038,7323.29922537537,-12.259513118182,67.6439007268227,-8.81491596862782,38,0,0,0,0.453145568902337,0.0968362321690154,0,1,
84,166,102.385447246173,7833.29329280028,-118.294435674244,7308.04259350594,-12.2814075100961,67.7453089088934,-9.07236698070892,38,0,0,0,0.457888800926548,0.0999537647416101,0,1,
85,168,102.148908763899,7833.37740199358,-118.243193089808,7292.78713252362,-12.3034348815553,67.8463373780248,-9.33198986955671,38,0,0,0,0.462685228363313,0.103181661601178,0,1,
86,170,101.912477645149,7833.45482849395,-118.1870356319,7277.53293440402,-12.325573837299,67.9469830676901,-9.59380618933301,38,0,0,0,0.467533048591086,0.106524320491658,0,1,
87,172,101.676163921379,7833.52532589016,-118.125759911162,7262.2798806892,-12.3478817849655,68.0472411517496,-9.85783753750331,38,0,0,0,0.47242993248578,0.109986135921319,0,1,
88,174,101.439978042132,7833.58863917158,-118.059151269795,7247.02795788295,-12.3703073185397,68.147105079824,-10.1241055985942,38,0,0,0,0.47737218517036,0.113571943132267,0,1,
89,176,101.203930893263,7833.64450183618,-117.986988015541,7231.77725002138,-12.3928584899895,68.2465674220811,-10.3926321597492,38,0,0,0,0.482356410989344,0.117286182767929,0,1,
90,178,100.968033816507,7833.6926392111,-117.909035620572,7216.5278850378,-12.4155586828354,68.3456231110864,-10.6634388214591,38,0,0,0,0.487377698531745,0.121133944996487,0,1,
91,180,100.732298629201,7833.73276491842,-117.825053333559,7201.27985529668,-12.4383954372398,68.44426949154,-10.9365474696687,38,0,0,0,0.492430790530619,0.125120223462977,0,1,
92,182,100.496737643284,7833.7645823978,-117.734787451154,7186.0330031797,-12.4613686478659,68.542496807793,-11.2119798265812,38,0,0,0,0.497510433474466,0.129250137945131,0,1,
93,184,100.261363684771,7833.78778299789,-117.637977164255,7170.7875837055,-12.4844789674379,68.6403018109049,-11.4897579061626,38,0,0,0,0.5026092238236,0.133529286688272,0,1,
94,186,100.026190111562,7833.80204638792,-117.534351846293,7155.5434639119,-12.5077243169916,68.7376759055464,-11.7699034450088,38,0,0,0,0.507721362322207,0.137963602259702,0,1,
95,188,99.7912308352264,7833.80704080927,-117.423628172285,7140.30082129688,-12.5311115822557,68.8346143334094,-12.0524382019363,38,0,0,0,0.512838070078488,0.142557910911007,0,1,
96,190,99.5565003362596,7833.80243021538,-117.305522522582,7125.05961069309,-12.5546481193728,68.9311108745372,-12.3373841750818,38,0,0,0,0.517942077127857,0.147310149632948,0,1,
97,192,99.3220136614628,7833.78787446996,-117.179751220382,7109.81985725451,-12.5783276332164,69.0271589709253,-12.6247633485246,38,0,0,0,0.523027303940865,0.152227392426836,0,1,
98,194,99.0877864401219,7833.76301338738,-117.046011821819,7094.58160032148,-12.6021496873058,69.1227508408987,-12.9145968021701,38,0,0,0,0.528090185342493,0.157321797646735,0,1,
99,196,98.8538349259589,7833.72746154406,-116.903983472413,7079.34497109413,-12.6261182783553,69.2178837346056,-13.2069073754209,38,0,0,0,0.533127266762145,0.162605170653926,0,1,
100,198,98.6201760343462,7833.68080818507,-116.753325901341,7064.10976170798,-12.6502329940715,69.3125466715737,-13.5017153690939,38,0,0,0,0.538132049949522,0.16808945045834,0,1,
101,200,98.3868273768444,7833.62261922572,-116.593682196083,7048.87629060991,-12.6744904589923,69.4067357328289,-13.7990432906869,38,0,0,0,0.543099333351656,0.173786298050607,0,1,
102,202,98.153807298189,7833.55243542374,-116.424676654399,7033.64441312789,-12.6989064783234,69.500443834454,-14.0989127611825,38,0,0,0,0.548020721414912,0.179707984516867,0,1,
103,204,97.9211349112932,7833.46977234195,-116.245916930769,7018.41417871847,-12.7234705334335,69.5936638192126,-14.4013446855473,38,0,0,0,0.552889063561529,0.185865804879469,0,1,
104,206,97.6888301327582,7833.3741225761,-116.056991717174,7003.18565712592,-12.7481826647136,69.6863899933926,-14.7063607282133,38,0,0,0,0.557696923594731,0.192271290838974,0,1,
105,208,97.4569137159875,7833.26495298843,-115.857475777525,6987.95880861794,-12.7730502918731,69.7786134464338,-15.0139813983813,38,0,0,0,0.562435665152883,0.198936302613973,0,1,
106,210,97.225407281626,7833.14170964314,-115.646927217335,6972.73378980746,-12.7980763596898,69.8703247199684,-15.3242279700074,38,0,0,0,0.567100105854482,0.205870910194534,0,1,
107,212,96.9943333506435,7833.00381451595,-115.424887158908,6957.51074543752,-12.823252639353,69.9615204285462,-15.6371203983724,38,0,0,0,0.571686153938103,0.213083437008961,0,1,
108,214,96.7637153743971,7832.85067015713,-115.190884527963,6942.28955032268,-12.8485970711363,70.0521924564518,-15.952680513219,38,0,0,0,0.576182955300416,0.220589772194528,0,1,
109,216,96.5335777623616,7832.68166024633,-114.944432906223,6927.07024472375,-12.8740933122728,70.1423341802137,-16.270928387978,38,0,0,0,0.580596458048013,0.228391684253458,0,1,
110,218,96.3039459078563,7832.49615269284,-114.68503445656,6911.85284427495,-12.8997527800631,70.2319383062868,-16.5918836009,38,0,0,0,0.584926967127522,0.236496786871212,0,1,
111,220,96.0748462134236,7832.29350487942,-114.412178113018,6896.63740379959,-12.9255775908731,70.3209908536229,-16.9155654275311,38,0,0,0,0.589180470742636,0.244909381961017,0,1,
112,222,95.8463061131751,7832.07306756651,-114.125343963851,6881.42429265864,-12.9515644648832,70.4094941470808,-17.2419954552008,38,0,0,0,0.593368225039549,0.253630179771315,0,1,
113,224,95.61835409455,7831.83419061983,-113.823997856741,6866.21301380228,-12.9777188605146,70.4974335153557,-17.5711904069165,38,0,0,0,0.597507923938631,0.262656793807389,0,1,
114,226,95.3910197202964,7831.57624181879,-113.507599646221,6851.00402788618,-13.0040342581477,70.5848018655103,-17.9031701807122,38,0,0,0,0.601638984678088,0.27197710339556,0,1,
115,228,95.1643336413642,7831.29861393037,-113.175600656181,6835.79731319492,-13.0305157714666,70.671593517742,-18.2379535847939,38,0,0,0,0.60578856646712,0.281573082092921,0,1,
116,230,94.9383276147135,7831.00069824033,-112.827444231797,6820.59280857635,-13.0571680239036,70.7577983796552,-18.5755574685693,38,0,0,0,0.609942309796305,0.291458614623888,0,1,
117,232,94.7130345173664,7830.68188501735,-112.462568028999,6805.3907042992,-13.0839865222241,70.8434098468694,-18.9160023251233,38,0,0,0,0.614100429999346,0.301628470549002,0,1,
118,234,94.4884883472445,7830.3415703485,-112.080413390031,6790.19089463329,-13.1109750103971,70.9284216969137,-19.2593030824842,38,0,0,0,0.618261772793076,0.312079011483516,0,1,
119,236,94.2647242312646,7829.97913823125,-111.680405216644,6774.99343129742,-13.1381330707051,71.012819341868,-19.6054766065806,38,0,0,0,0.6224282320412,0.322822528815167,0,1,
120,238,94.0417784693549,7829.59395584246,-111.26194577327,6759.79864322193,-13.1654557813203,71.0966001846808,-19.9545408248329,38,0,0,0,0.626602538178854,0.333868537302925,0,1,
121,240,93.8196885900935,7829.185350353,-110.824405033241,6744.60628824141,-13.1929692416553,71.179752045607,-20.3065104170518,38,0,0,0,0.630785972527198,0.345226904175625,0,1,
122,242,93.5984933974063,7828.7526494343,-110.36713759714,6729.41662290949,-13.2206645220636,71.2622686865646,-20.6614003740611,38,0,0,0,0.634980132311685,0.356904345690421,0,1,
123,244,93.3782330084546,7828.29515929435,-109.889476175212,6714.22962275992,-13.248537977651,71.3441408898473,-21.0192260552358,38,0,0,0,0.639185349447835,0.368908109451998,0,1,
124,246,93.1589488924034,7827.81217008064,-109.390736101168,6699.0453550369,-13.2765931096932,71.4253590664601,-21.3800011518459,38,0,0,0,0.643401256258547,0.381244601796533,0,1,
125,248,92.9406839053938,7827.30295990588,-108.87021651942,6683.86393381488,-13.3048331045255,71.5059159718282,-21.7437403317714,38,0,0,0,0.647615744143474,0.393921131895392,0,1,
126,250,92.7234823088748,7826.76676521792,-108.327215192672,6668.68532544471,-13.3332515453845,71.5858005138571,-22.1104551334034,38,0,0,0,0.651782695655899,0.406962752852947,0,1,
127,252,92.507389776092,7826.20282854798,-107.761017197821,6653.50972648747,-13.3618607814733,71.66500541047,-22.4801560995784,38,0,0,0,0.655959528521939,0.420346115852218,0,1,
128,254,92.2924534327453,7825.61040494137,-107.170887669537,6638.33719383591,-13.3906590798575,71.7435213532342,-22.8528585443501,38,0,0,0,0.660145330535899,0.434071054122115,0,1,
129,256,92.0787218823209,7824.9887509152,-106.556087345089,6623.16768038861,-13.4196466936003,71.8213381404316,-23.2285693763887,38,0,0,0,0.664337753208288,0.44813736332209,0,1,
130,258,91.8662452055411,7824.33712873578,-105.915875779898,6608.00142112031,-13.4488178716924,71.8984502587576,-23.6073016121414,38,0,0,0,0.668535278592033,0.462542390975246,0,1,
131,260,91.6550749653755,7823.65480235928,-105.249512019473,6592.83825489625,-13.478186175155,71.9748428690716,-23.9890611487144,38,0,0,0,0.672736021686999,0.477281528442643,0,1,
132,262,91.4452642046092,7822.94104174428,-104.556258282596,6577.67855781532,-13.5077434168007,72.0505110675963,-24.3738579062442,38,0,0,0,0.676937853363592,0.492351568052878,0,1,
133,264,91.2368674370823,7822.19512752221,-103.835381615738,6562.52219377606,-13.5375120637665,72.1254432019934,-24.761699311225,38,0,0,0,0.681138593654185,0.507744822087388,0,1,
134,266,91.0299406363992,7821.41634843516,-103.086156113882,6547.36931379516,-13.5674638146147,72.199628924688,-25.152588232302,38,0,0,0,0.685333871114867,0.523456342231623,0,1,
135,268,90.8245412134798,7820.60401316268,-102.307868913489,6532.2201375249,-13.5976306250102,72.273063008797,-25.546533807888,38,0,0,0,0.689522781301812,0.539475240714226,0,1,
136,270,90.620728001792,7819.75742509986,-101.4998085102,6517.07448400429,-13.6279984763074,72.345732108269,-25.9435396843454,38,0,0,0,0.69370484701538,0.555808751369774,0,1,
137,272,90.4185612740945,7818.87588400077,-100.661247407193,6501.93258093969,-13.6585551403089,72.4176283871947,-26.3436066066299,38,0,0,0,0.697879289466131,0.572454882253854,0,1,
138,274,90.2181027491847,7817.95869829475,-99.7914706953291,6486.79453888673,-13.6893225148214,72.4887429315295,-26.7467406432692,38,0,0,0,0.702043396354943,0.589404129239411,0,1,
139,276,90.0194155580448,7817.00519810971,-98.8897819389549,6471.66029787572,-13.7203031313983,72.5590638751049,-27.152939438836,38,0,0,0,0.70619392115213,0.606643891302149,0,1,
140,278,89.8225642027203,7816.01473386942,-97.9555077235018,6456.53012079859,-13.751484570645,72.6285815456971,-27.5622022419568,38,0,0,0,0.710327079569392,0.624162211036154,0,1,
141,280,89.6276145006381,7814.98668966545,-96.9880092384492,6441.40411361062,-13.7828900933329,72.6972872469462,-27.9745306792424,38,0,0,0,0.714437391973033,0.641936943980975,0,1,
142,282,89.434633506556,7813.92047810408,-95.9866811131644,6426.28224169063,-13.8145026971653,72.7651715653538,-28.3899180727507,38,0,0,0,0.718523196581573,0.65996406992152,0,1,
143,284,89.243689482878,7812.81551360554,-94.9509199921822,6411.16472025399,-13.8463116190631,72.832224260791,-28.808365375879,38,0,0,0,0.722583751621375,0.678242413331212,0,1,
144,286,89.054851897819,7811.6712129828,-93.8801248890218,6396.05150185162,-13.8783488419413,72.8984373835109,-29.2298615946556,38,0,0,0,0.726618938230803,0.696768291422843,0,1,
145,288,88.8681914124172,7810.48699273042,-92.7737027512519,6380.9428227974,-13.9106073870092,72.9637976971771,-29.654408661901,38,0,0,0,0.730626359448557,0.715538109605301,0,1,
146,290,88.6837798605431,7809.26228643647,-91.6310762665848,6365.83859630299,-13.9430735675896,73.0282966225756,-30.0819880452948,38,0,0,0,0.734608541626902,0.734537913073365,0,1,
147,292,88.5016902154684,7807.99653842758,-90.4516847795919,6350.73922714837,-13.9757627853149,73.0919262814454,-30.5125970695094,38,0,0,0,0.738550758203496,0.753780681696913,0,1,
148,294,88.321996547088,7806.68921281144,-89.2349930388716,6335.64455967925,-14.0086772046165,73.1546742185098,-30.9462240791344,38,0,0,0,0.742461219000536,0.773232213755505,0,1,
149,296,88.1447739596283,7805.33979855106,-87.9805014091364,6320.55478328903,-14.0418141470278,73.2165320985641,-31.3828568815732,38,0,0,0,0.746333489708429,0.792888724367338,0,1,
150,298,87.9700985283591,7803.94781004758,-86.687742026912,6305.46996572497,-14.0751772022897,73.2774926594633,-31.822480937915,38,0,0,0,0.750164589161152,0.812730879212845,0,1,
151,300,87.7980472192541,7802.51280346862,-85.3562955786872,6290.39018633456,-14.1087689214667,73.3375403054127,-32.2650798694577,38,0,0,0,0.753948682426103,0.832747444033294,0,1,
152,302,87.6286977924677,7801.03433876493,-83.9857761168901,6275.31569959413,-14.1425868763529,73.3966690393694,-32.710635626505,38,0,0,0,0.757684154718347,0.852914011223237,0,1,
153,304,87.4621287262002,7799.51204497669,-82.5758645180031,6260.24657283648,-14.1766350668063,73.4548699042985,-33.1591347627502,38,0,0,0,0.761389566345923,0.873159925393951,0,1,
154,306,87.298419080114,7797.94558628328,-81.1262960033416,6245.18274349076,-14.210915458164,73.5121305164723,-33.6105501474331,38,0,0,0,0.764987511012932,0.893618934139397,0,1,
155,308,87.137648380097,7796.33467019604,-79.6368683483722,6230.12458603138,-14.245426914305,73.5684441594792,-34.0648662733377,38,0,0,0,0.768547640205727,0.914110926052009,0,1,
156,310,86.9798964916728,7794.67905392632,-78.107447305945,6215.07196492859,-14.2801734076857,73.6237991358654,-34.5220577819873,38,0,0,0,0.772040684966166,0.934660813958786,0,1,
157,312,86.8252434737664,7792.9785524299,-76.5379732843958,6200.02508341692,-14.3151539716414,73.6781863397398,-34.982097498582,38,0,0,0,0.775463693594438,0.955240682750644,0,1,
158,314,86.6737694287291,7791.23303226668,-74.9284633057309,6184.98410670172,-14.3503702035898,73.7315977017197,-35.444958087351,38,0,0,0,0.778811124508515,0.975823149311895,0,1,
159,316,86.525554336735,7789.44243675725,-73.2790229582638,6169.94914080354,-14.3858243063656,73.7840234713666,-35.9106139941946,38,0,0,0,0.782078126858061,0.996378047344322,0,1,
